model,strategy,student_id,student_name,question_number,n_trials,mean_score,std_dev,variance,min_score,max_score,range,cv_percent,consistency,all_scores
chatgpt,few,student_01,Mahasiswa 1,1,10,2.84,0.33730961708462703,0.11377777777777773,2.2,3.0,0.7999999999999998,11.87709919312067,Good,"2.20,3.00,3.00,3.00,3.00,3.00,2.20,3.00,3.00,3.00"
chatgpt,few,student_01,Mahasiswa 1,2,10,1.9300000000000002,0.11595018087284056,0.013444444444444443,1.8,2.1,0.30000000000000004,6.007781392375159,Excellent,"2.10,1.80,1.80,2.00,2.00,2.00,2.00,1.80,1.80,2.00"
chatgpt,few,student_01,Mahasiswa 1,3,10,1.17,0.22135943621178653,0.04899999999999999,1.1,1.8,0.7,18.919609932631328,Good,"1.80,1.10,1.10,1.10,1.10,1.10,1.10,1.10,1.10,1.10"
chatgpt,few,student_01,Mahasiswa 1,4,10,1.17,0.22135943621178653,0.04899999999999999,1.1,1.8,0.7,18.919609932631328,Good,"1.80,1.10,1.10,1.10,1.10,1.10,1.10,1.10,1.10,1.10"
chatgpt,few,student_01,Mahasiswa 1,5,10,1.1199999999999999,0.04216370213557834,0.001777777777777773,1.1,1.2,0.09999999999999987,3.764616262105209,Excellent,"1.10,1.20,1.10,1.10,1.10,1.10,1.10,1.10,1.20,1.10"
chatgpt,few,student_01,Mahasiswa 1,6,10,2.12,0.10327955589886455,0.010666666666666687,2.0,2.2,0.20000000000000018,4.87167716504078,Excellent,"2.20,2.00,2.00,2.20,2.20,2.00,2.00,2.20,2.20,2.20"
chatgpt,few,student_01,Mahasiswa 1,7,10,1.1099999999999999,0.03162277660168376,0.0009999999999999976,1.1,1.2,0.09999999999999987,2.848898792944483,Excellent,"1.10,1.10,1.20,1.10,1.10,1.10,1.10,1.10,1.10,1.10"
chatgpt,few,student_02,Mahasiswa 2,1,10,3.1399999999999997,0.09660917830792969,0.009333333333333351,3.0,3.2,0.20000000000000018,3.076725423819417,Excellent,"3.00,3.20,3.00,3.00,3.20,3.20,3.20,3.20,3.20,3.20"
chatgpt,few,student_02,Mahasiswa 2,2,10,1.9300000000000002,0.11595018087284056,0.013444444444444443,1.8,2.1,0.30000000000000004,6.007781392375159,Excellent,"2.10,2.00,1.80,2.00,1.80,1.80,2.00,2.00,2.00,1.80"
chatgpt,few,student_02,Mahasiswa 2,3,10,1.1,0.0,0.0,1.1,1.1,0.0,0.0,Excellent,"1.10,1.10,1.10,1.10,1.10,1.10,1.10,1.10,1.10,1.10"
chatgpt,few,student_02,Mahasiswa 2,4,10,1.1,0.0,0.0,1.1,1.1,0.0,0.0,Excellent,"1.10,1.10,1.10,1.10,1.10,1.10,1.10,1.10,1.10,1.10"
chatgpt,few,student_02,Mahasiswa 2,5,10,1.1099999999999999,0.03162277660168376,0.0009999999999999976,1.1,1.2,0.09999999999999987,2.848898792944483,Excellent,"1.10,1.10,1.10,1.10,1.10,1.10,1.20,1.10,1.10,1.10"
chatgpt,few,student_02,Mahasiswa 2,6,10,2.96,0.051639777949432274,0.0026666666666666713,2.9,3.0,0.10000000000000009,1.7445870928862253,Excellent,"2.90,2.90,3.00,3.00,3.00,2.90,3.00,3.00,3.00,2.90"
chatgpt,few,student_02,Mahasiswa 2,7,10,2.0,0.0,0.0,2.0,2.0,0.0,0.0,Excellent,"2.00,2.00,2.00,2.00,2.00,2.00,2.00,2.00,2.00,2.00"
chatgpt,few,student_03,Mahasiswa 3,1,10,3.18,0.06324555320336764,0.004000000000000007,3.0,3.2,0.20000000000000018,1.9888538743197368,Excellent,"3.20,3.20,3.20,3.20,3.20,3.20,3.20,3.20,3.00,3.20"
chatgpt,few,student_03,Mahasiswa 3,2,10,2.0100000000000002,0.03162277660168382,0.0010000000000000018,2.0,2.1,0.10000000000000009,1.5732724677454635,Excellent,"2.10,2.00,2.00,2.00,2.00,2.00,2.00,2.00,2.00,2.00"
chatgpt,few,student_03,Mahasiswa 3,3,10,1.1800000000000002,0.22010098692292238,0.04844444444444444,1.1,1.8,0.7,18.652626010417148,Good,"1.80,1.10,1.10,1.20,1.10,1.10,1.10,1.10,1.10,1.10"
chatgpt,few,student_03,Mahasiswa 3,4,10,1.1,0.0,0.0,1.1,1.1,0.0,0.0,Excellent,"1.10,1.10,1.10,1.10,1.10,1.10,1.10,1.10,1.10,1.10"
chatgpt,few,student_03,Mahasiswa 3,5,10,1.25,0.291547594742265,0.08499999999999999,1.1,1.8,0.7,23.3238075793812,Good,"1.80,1.10,1.10,1.10,1.10,1.10,1.10,1.80,1.20,1.10"
chatgpt,few,student_03,Mahasiswa 3,6,10,2.54,0.3977715704047012,0.15822222222222215,2.2,3.0,0.7999999999999998,15.66029804742918,Good,"2.30,2.20,2.20,3.00,2.30,3.00,3.00,3.00,2.20,2.20"
chatgpt,few,student_03,Mahasiswa 3,7,10,1.98,0.06324555320336757,0.0039999999999999975,1.8,2.0,0.19999999999999996,3.1942198587559383,Excellent,"2.00,2.00,1.80,2.00,2.00,2.00,2.00,2.00,2.00,2.00"
chatgpt,few,student_05,Mahasiswa 5,1,10,1.9600000000000002,0.08432740427115676,0.007111111111111108,1.8,2.0,0.19999999999999996,4.3024185852631,Excellent,"1.80,2.00,2.00,2.00,2.00,1.80,2.00,2.00,2.00,2.00"
chatgpt,few,student_05,Mahasiswa 5,2,10,1.85,0.158113883008419,0.02500000000000001,1.7,2.0,0.30000000000000004,8.546696378833458,Excellent,"2.00,2.00,1.70,1.70,2.00,1.70,2.00,1.70,1.70,2.00"
chatgpt,few,student_05,Mahasiswa 5,3,10,1.1,0.0,0.0,1.1,1.1,0.0,0.0,Excellent,"1.10,1.10,1.10,1.10,1.10,1.10,1.10,1.10,1.10,1.10"
chatgpt,few,student_05,Mahasiswa 5,4,10,1.1,0.0,0.0,1.1,1.1,0.0,0.0,Excellent,"1.10,1.10,1.10,1.10,1.10,1.10,1.10,1.10,1.10,1.10"
chatgpt,few,student_05,Mahasiswa 5,5,10,1.1,0.0,0.0,1.1,1.1,0.0,0.0,Excellent,"1.10,1.10,1.10,1.10,1.10,1.10,1.10,1.10,1.10,1.10"
chatgpt,few,student_05,Mahasiswa 5,6,10,2.0799999999999996,0.10327955589886455,0.010666666666666685,2.0,2.2,0.20000000000000018,4.965363264368489,Excellent,"2.00,2.00,2.00,2.00,2.20,2.00,2.20,2.00,2.20,2.20"
chatgpt,few,student_05,Mahasiswa 5,7,10,1.1,0.0,0.0,1.1,1.1,0.0,0.0,Excellent,"1.10,1.10,1.10,1.10,1.10,1.10,1.10,1.10,1.10,1.10"
chatgpt,few,student_08,Mahasiswa 8,1,10,1.86,0.09660917830792956,0.009333333333333329,1.8,2.0,0.19999999999999996,5.194041844512342,Excellent,"2.00,1.80,1.80,1.80,2.00,2.00,1.80,1.80,1.80,1.80"
chatgpt,few,student_08,Mahasiswa 8,2,10,1.9100000000000001,0.11972189997378647,0.014333333333333333,1.7,2.0,0.30000000000000004,6.268162302292485,Excellent,"2.00,1.80,2.00,2.00,1.70,1.80,2.00,2.00,2.00,1.80"
chatgpt,few,student_08,Mahasiswa 8,3,10,1.17,0.22135943621178653,0.04899999999999999,1.1,1.8,0.7,18.919609932631328,Good,"1.80,1.10,1.10,1.10,1.10,1.10,1.10,1.10,1.10,1.10"
chatgpt,few,student_08,Mahasiswa 8,4,10,1.1,0.0,0.0,1.1,1.1,0.0,0.0,Excellent,"1.10,1.10,1.10,1.10,1.10,1.10,1.10,1.10,1.10,1.10"
chatgpt,few,student_08,Mahasiswa 8,5,10,1.13,0.04830458915396473,0.002333333333333327,1.1,1.2,0.09999999999999987,4.274742403005729,Excellent,"1.10,1.10,1.10,1.10,1.20,1.10,1.20,1.10,1.10,1.20"
chatgpt,few,student_08,Mahasiswa 8,6,10,2.38,0.39944405810520645,0.15955555555555553,2.0,3.0,1.0,16.783363785933044,Good,"2.90,2.30,2.90,2.30,2.00,2.00,2.20,2.20,3.00,2.00"
chatgpt,few,student_08,Mahasiswa 8,7,10,1.13,0.04830458915396473,0.002333333333333327,1.1,1.2,0.09999999999999987,4.274742403005729,Excellent,"1.10,1.20,1.10,1.10,1.20,1.10,1.10,1.10,1.20,1.10"
chatgpt,few,student_12,Mahasiswa 12,1,10,3.1,0.10540925533894607,0.011111111111111132,3.0,3.2,0.20000000000000018,3.4002985593208415,Excellent,"3.00,3.00,3.00,3.20,3.20,3.00,3.20,3.20,3.20,3.00"
chatgpt,few,student_12,Mahasiswa 12,2,10,2.8600000000000003,0.142984070596848,0.020444444444444418,2.7,3.0,0.2999999999999998,4.999443027861818,Excellent,"3.00,2.90,3.00,2.70,2.70,2.70,2.70,3.00,2.90,3.00"
chatgpt,few,student_12,Mahasiswa 12,3,10,1.8200000000000003,0.06324555320336758,0.003999999999999999,1.8,2.0,0.19999999999999996,3.4750303957894273,Excellent,"2.00,1.80,1.80,1.80,1.80,1.80,1.80,1.80,1.80,1.80"
chatgpt,few,student_12,Mahasiswa 12,4,10,1.83,0.06749485577105527,0.004555555555555552,1.8,2.0,0.19999999999999996,3.6882434847571184,Excellent,"1.80,1.80,1.80,1.80,1.80,1.80,1.90,1.80,2.00,1.80"
chatgpt,few,student_12,Mahasiswa 12,5,10,1.13,0.04830458915396473,0.002333333333333327,1.1,1.2,0.09999999999999987,4.274742403005729,Excellent,"1.10,1.10,1.10,1.10,1.10,1.20,1.10,1.10,1.20,1.20"
chatgpt,few,student_12,Mahasiswa 12,6,10,2.7600000000000002,0.3657564459825387,0.13377777777777775,2.2,3.0,0.7999999999999998,13.25204514429488,Good,"2.90,3.00,3.00,2.20,2.20,3.00,3.00,2.30,3.00,3.00"
chatgpt,few,student_12,Mahasiswa 12,7,10,1.2099999999999997,0.21317702607092642,0.04544444444444444,1.1,1.8,0.7,17.61793603891954,Good,"1.80,1.10,1.10,1.20,1.10,1.20,1.10,1.10,1.20,1.20"
chatgpt,few,student_13,Mahasiswa 13,1,10,3.1,0.10540925533894607,0.011111111111111132,3.0,3.2,0.20000000000000018,3.4002985593208415,Excellent,"3.00,3.20,3.00,3.20,3.20,3.00,3.00,3.20,3.20,3.00"
chatgpt,few,student_13,Mahasiswa 13,2,10,2.82,0.1549193338482966,0.023999999999999976,2.7,3.0,0.2999999999999998,5.493593398875766,Excellent,"3.00,2.70,2.70,2.70,2.70,3.00,3.00,2.70,3.00,2.70"
chatgpt,few,student_13,Mahasiswa 13,3,10,1.8,0.0,0.0,1.8,1.8,0.0,0.0,Excellent,"1.80,1.80,1.80,1.80,1.80,1.80,1.80,1.80,1.80,1.80"
chatgpt,few,student_13,Mahasiswa 13,4,10,1.8800000000000001,0.10327955589886444,0.010666666666666663,1.8,2.0,0.19999999999999996,5.493593398875767,Excellent,"2.00,1.80,1.80,2.00,1.80,2.00,1.80,1.80,1.80,2.00"
chatgpt,few,student_13,Mahasiswa 13,5,10,1.31,0.33813212407775356,0.11433333333333333,1.1,1.8,0.7,25.811612525019356,Good,"1.10,1.80,1.10,1.80,1.80,1.10,1.10,1.10,1.10,1.10"
chatgpt,few,student_13,Mahasiswa 13,6,10,2.53,0.38600518131237554,0.14899999999999994,2.2,3.0,0.7999999999999998,15.257121791002987,Good,"2.20,2.30,2.20,3.00,2.30,2.20,2.20,3.00,2.90,3.00"
chatgpt,few,student_13,Mahasiswa 13,7,10,1.1,0.0,0.0,1.1,1.1,0.0,0.0,Excellent,"1.10,1.10,1.10,1.10,1.10,1.10,1.10,1.10,1.10,1.10"
chatgpt,few,student_14,Mahasiswa 14,1,10,3.0799999999999996,0.10327955589886455,0.010666666666666685,3.0,3.2,0.20000000000000018,3.3532323343787196,Excellent,"3.00,3.00,3.00,3.20,3.00,3.00,3.20,3.00,3.20,3.20"
chatgpt,few,student_14,Mahasiswa 14,2,10,2.07,0.22135943621178658,0.049000000000000016,2.0,2.7,0.7000000000000002,10.69369257061771,Good,"2.70,2.00,2.00,2.00,2.00,2.00,2.00,2.00,2.00,2.00"
chatgpt,few,student_14,Mahasiswa 14,3,10,1.8200000000000003,0.06324555320336758,0.003999999999999999,1.8,2.0,0.19999999999999996,3.4750303957894273,Excellent,"2.00,1.80,1.80,1.80,1.80,1.80,1.80,1.80,1.80,1.80"
chatgpt,few,student_14,Mahasiswa 14,4,10,1.8400000000000003,0.06992058987801006,0.004888888888888884,1.8,2.0,0.19999999999999996,3.8000320585875027,Excellent,"2.00,1.80,1.90,1.80,1.80,1.90,1.80,1.80,1.80,1.80"
chatgpt,few,student_14,Mahasiswa 14,5,10,1.1,0.0,0.0,1.1,1.1,0.0,0.0,Excellent,"1.10,1.10,1.10,1.10,1.10,1.10,1.10,1.10,1.10,1.10"
chatgpt,few,student_14,Mahasiswa 14,6,10,2.8899999999999997,0.1791957340762081,0.03211111111111109,2.7,3.2,0.5,6.200544431702703,Excellent,"2.90,2.70,3.20,2.70,3.00,3.00,2.70,3.00,3.00,2.70"
chatgpt,few,student_14,Mahasiswa 14,7,10,1.6800000000000002,0.2529822128134704,0.06400000000000002,1.2,1.8,0.6000000000000001,15.058465048420855,Good,"1.80,1.80,1.80,1.80,1.20,1.80,1.80,1.20,1.80,1.80"
chatgpt,few,student_15,Mahasiswa 15,1,10,3.0599999999999996,0.09660917830792967,0.00933333333333335,3.0,3.2,0.20000000000000018,3.1571626898016234,Excellent,"3.00,3.20,3.00,3.00,3.00,3.20,3.00,3.00,3.00,3.20"
chatgpt,few,student_15,Mahasiswa 15,2,10,1.98,0.06324555320336757,0.0039999999999999975,1.8,2.0,0.19999999999999996,3.1942198587559383,Excellent,"2.00,2.00,1.80,2.00,2.00,2.00,2.00,2.00,2.00,2.00"
chatgpt,few,student_15,Mahasiswa 15,3,10,1.17,0.22135943621178653,0.04899999999999999,1.1,1.8,0.7,18.919609932631328,Good,"1.80,1.10,1.10,1.10,1.10,1.10,1.10,1.10,1.10,1.10"
chatgpt,few,student_15,Mahasiswa 15,4,10,1.17,0.22135943621178653,0.04899999999999999,1.1,1.8,0.7,18.919609932631328,Good,"1.80,1.10,1.10,1.10,1.10,1.10,1.10,1.10,1.10,1.10"
chatgpt,few,student_15,Mahasiswa 15,5,10,1.1199999999999999,0.04216370213557834,0.001777777777777773,1.1,1.2,0.09999999999999987,3.764616262105209,Excellent,"1.10,1.10,1.10,1.10,1.20,1.10,1.10,1.20,1.10,1.10"
chatgpt,few,student_15,Mahasiswa 15,6,10,3.05,0.08498365855987983,0.007222222222222237,3.0,3.2,0.20000000000000018,2.786349460979667,Excellent,"3.10,3.00,3.20,3.20,3.00,3.00,3.00,3.00,3.00,3.00"
chatgpt,few,student_15,Mahasiswa 15,7,10,1.17,0.22135943621178653,0.04899999999999999,1.1,1.8,0.7,18.919609932631328,Good,"1.80,1.10,1.10,1.10,1.10,1.10,1.10,1.10,1.10,1.10"
chatgpt,few,student_16,Mahasiswa 16,1,10,3.2,0.0,0.0,3.2,3.2,0.0,0.0,Excellent,"3.20,3.20,3.20,3.20,3.20,3.20,3.20,3.20,3.20,3.20"
chatgpt,few,student_16,Mahasiswa 16,2,10,3.1300000000000003,0.2213594362117866,0.04900000000000002,2.8,3.7,0.9000000000000004,7.0721864604404665,Good,"3.70,3.10,3.10,3.10,3.10,3.10,3.10,2.80,3.10,3.10"
chatgpt,few,student_16,Mahasiswa 16,3,10,1.95,0.2798809270624445,0.07833333333333337,1.8,2.7,0.9000000000000001,14.352868054484333,Good,"2.70,1.80,2.00,1.80,1.80,1.80,1.80,1.80,2.00,2.00"
chatgpt,few,student_16,Mahasiswa 16,4,10,2.7299999999999995,0.2626785107312739,0.06899999999999999,2.1,3.0,0.8999999999999999,9.621923470010035,Good,"3.00,2.70,3.00,2.70,3.00,2.10,2.70,2.70,2.70,2.70"
chatgpt,few,student_16,Mahasiswa 16,5,10,3.0,0.0,0.0,3.0,3.0,0.0,0.0,Excellent,"3.00,3.00,3.00,3.00,3.00,3.00,3.00,3.00,3.00,3.00"
chatgpt,few,student_16,Mahasiswa 16,6,10,3.72,0.0632455532033675,0.003999999999999989,3.7,3.9,0.19999999999999973,1.7001492796604165,Excellent,"3.70,3.70,3.70,3.90,3.70,3.70,3.70,3.70,3.70,3.70"
chatgpt,few,student_16,Mahasiswa 16,7,10,2.2700000000000005,0.33681514877517676,0.11344444444444446,2.0,3.0,1.0,14.837671752210428,Good,"3.00,2.30,2.00,2.00,2.70,2.30,2.20,2.20,2.00,2.00"
chatgpt,lenient,student_01,Mahasiswa 1,1,10,3.12,0.10327955589886455,0.010666666666666685,3.0,3.2,0.20000000000000018,3.310242176245658,Excellent,"3.20,3.20,3.20,3.20,3.20,3.20,3.00,3.00,3.00,3.00"
chatgpt,lenient,student_01,Mahasiswa 1,2,10,2.7,0.2449489742783178,0.05999999999999999,2.1,3.0,0.8999999999999999,9.072184232530288,Good,"2.70,2.70,3.00,2.70,2.70,2.10,2.70,2.70,2.70,3.00"
chatgpt,lenient,student_01,Mahasiswa 1,3,10,2.05,0.23687784005919832,0.05611111111111114,1.8,2.7,0.9000000000000001,11.555016588253578,Good,"2.00,2.00,2.00,2.00,1.80,2.00,2.70,2.00,2.00,2.00"
chatgpt,lenient,student_01,Mahasiswa 1,4,10,1.9500000000000004,0.158113883008419,0.02500000000000001,1.8,2.1,0.30000000000000004,8.108404256841999,Excellent,"1.80,1.80,1.80,2.10,1.80,2.10,2.10,1.80,2.10,2.10"
chatgpt,lenient,student_01,Mahasiswa 1,5,10,1.9100000000000001,0.28460498941515416,0.08100000000000002,1.8,2.7,0.9000000000000001,14.900784786133725,Good,"1.80,2.70,1.80,1.80,1.80,1.80,2.00,1.80,1.80,1.80"
chatgpt,lenient,student_01,Mahasiswa 1,6,10,2.9799999999999995,0.06324555320336764,0.004000000000000007,2.9,3.1,0.20000000000000018,2.122334000113008,Excellent,"2.90,3.00,3.00,3.00,3.10,3.00,3.00,2.90,2.90,3.00"
chatgpt,lenient,student_01,Mahasiswa 1,7,10,1.8200000000000003,0.06324555320336758,0.003999999999999999,1.8,2.0,0.19999999999999996,3.4750303957894273,Excellent,"1.80,1.80,2.00,1.80,1.80,1.80,1.80,1.80,1.80,1.80"
chatgpt,lenient,student_02,Mahasiswa 2,1,10,3.6700000000000004,0.33015148038438347,0.10899999999999993,3.2,3.9,0.6999999999999997,8.99595314398865,Good,"3.90,3.90,3.90,3.70,3.90,3.90,3.20,3.90,3.20,3.20"
chatgpt,lenient,student_02,Mahasiswa 2,2,10,2.7,0.0,0.0,2.7,2.7,0.0,0.0,Excellent,"2.70,2.70,2.70,2.70,2.70,2.70,2.70,2.70,2.70,2.70"
chatgpt,lenient,student_02,Mahasiswa 2,3,10,1.8,0.0,0.0,1.8,1.8,0.0,0.0,Excellent,"1.80,1.80,1.80,1.80,1.80,1.80,1.80,1.80,1.80,1.80"
chatgpt,lenient,student_02,Mahasiswa 2,4,10,1.8200000000000003,0.06324555320336758,0.003999999999999999,1.8,2.0,0.19999999999999996,3.4750303957894273,Excellent,"1.80,1.80,1.80,1.80,2.00,1.80,1.80,1.80,1.80,1.80"
chatgpt,lenient,student_02,Mahasiswa 2,5,10,1.8,0.0,0.0,1.8,1.8,0.0,0.0,Excellent,"1.80,1.80,1.80,1.80,1.80,1.80,1.80,1.80,1.80,1.80"
chatgpt,lenient,student_02,Mahasiswa 2,6,10,3.18,0.0918936583472681,0.008444444444444437,3.0,3.3,0.2999999999999998,2.8897376838763553,Excellent,"3.20,3.20,3.30,3.20,3.20,3.10,3.30,3.10,3.20,3.00"
chatgpt,lenient,student_02,Mahasiswa 2,7,10,2.9699999999999998,0.09486832980505132,0.008999999999999987,2.7,3.0,0.2999999999999998,3.194219858755937,Excellent,"3.00,3.00,2.70,3.00,3.00,3.00,3.00,3.00,3.00,3.00"
chatgpt,lenient,student_03,Mahasiswa 3,1,10,3.7099999999999995,0.3071373199943851,0.09433333333333331,3.2,3.9,0.6999999999999997,8.278633962112806,Good,"3.90,3.90,3.20,3.90,3.90,3.90,3.30,3.90,3.90,3.30"
chatgpt,lenient,student_03,Mahasiswa 3,2,10,3.0,0.0,0.0,3.0,3.0,0.0,0.0,Excellent,"3.00,3.00,3.00,3.00,3.00,3.00,3.00,3.00,3.00,3.00"
chatgpt,lenient,student_03,Mahasiswa 3,3,10,1.8800000000000001,0.10327955589886444,0.010666666666666663,1.8,2.0,0.19999999999999996,5.493593398875767,Excellent,"1.80,2.00,1.80,1.80,1.80,2.00,2.00,1.80,1.80,2.00"
chatgpt,lenient,student_03,Mahasiswa 3,4,10,1.8,0.0,0.0,1.8,1.8,0.0,0.0,Excellent,"1.80,1.80,1.80,1.80,1.80,1.80,1.80,1.80,1.80,1.80"
chatgpt,lenient,student_03,Mahasiswa 3,5,10,2.36,0.44271887242357316,0.19600000000000006,1.8,2.7,0.9000000000000001,18.759274255236154,Fair,"1.80,2.70,2.70,1.80,1.80,2.00,2.70,2.70,2.70,2.70"
chatgpt,lenient,student_03,Mahasiswa 3,6,10,3.05,0.0971825315807551,0.009444444444444462,2.9,3.2,0.30000000000000027,3.1863125108444295,Excellent,"3.20,3.00,3.10,2.90,3.10,3.10,3.10,3.10,3.00,2.90"
chatgpt,lenient,student_03,Mahasiswa 3,7,10,2.9699999999999998,0.09486832980505132,0.008999999999999987,2.7,3.0,0.2999999999999998,3.194219858755937,Excellent,"3.00,3.00,3.00,2.70,3.00,3.00,3.00,3.00,3.00,3.00"
chatgpt,lenient,student_05,Mahasiswa 5,1,10,3.0,0.0,0.0,3.0,3.0,0.0,0.0,Excellent,"3.00,3.00,3.00,3.00,3.00,3.00,3.00,3.00,3.00,3.00"
chatgpt,lenient,student_05,Mahasiswa 5,2,10,2.7,0.0,0.0,2.7,2.7,0.0,0.0,Excellent,"2.70,2.70,2.70,2.70,2.70,2.70,2.70,2.70,2.70,2.70"
chatgpt,lenient,student_05,Mahasiswa 5,3,10,1.8200000000000003,0.06324555320336758,0.003999999999999999,1.8,2.0,0.19999999999999996,3.4750303957894273,Excellent,"1.80,1.80,2.00,1.80,1.80,1.80,1.80,1.80,1.80,1.80"
chatgpt,lenient,student_05,Mahasiswa 5,4,10,1.9,0.10540925533894596,0.011111111111111106,1.8,2.0,0.19999999999999996,5.547855544155051,Excellent,"2.00,2.00,1.80,1.80,1.80,2.00,1.80,1.80,2.00,2.00"
chatgpt,lenient,student_05,Mahasiswa 5,5,10,1.8,0.0,0.0,1.8,1.8,0.0,0.0,Excellent,"1.80,1.80,1.80,1.80,1.80,1.80,1.80,1.80,1.80,1.80"
chatgpt,lenient,student_05,Mahasiswa 5,6,10,3.0,0.0,0.0,3.0,3.0,0.0,0.0,Excellent,"3.00,3.00,3.00,3.00,3.00,3.00,3.00,3.00,3.00,3.00"
chatgpt,lenient,student_05,Mahasiswa 5,7,10,1.8,0.0,0.0,1.8,1.8,0.0,0.0,Excellent,"1.80,1.80,1.80,1.80,1.80,1.80,1.80,1.80,1.80,1.80"
chatgpt,lenient,student_08,Mahasiswa 8,1,10,3.0,0.0,0.0,3.0,3.0,0.0,0.0,Excellent,"3.00,3.00,3.00,3.00,3.00,3.00,3.00,3.00,3.00,3.00"
chatgpt,lenient,student_08,Mahasiswa 8,2,10,2.6399999999999997,0.18973665961010278,0.036000000000000004,2.1,2.7,0.6000000000000001,7.186994682200863,Excellent,"2.70,2.70,2.70,2.10,2.70,2.70,2.70,2.70,2.70,2.70"
chatgpt,lenient,student_08,Mahasiswa 8,3,10,1.8200000000000003,0.06324555320336758,0.003999999999999999,1.8,2.0,0.19999999999999996,3.4750303957894273,Excellent,"2.00,1.80,1.80,1.80,1.80,1.80,1.80,1.80,1.80,1.80"
chatgpt,lenient,student_08,Mahasiswa 8,4,10,1.52,0.36147844564602555,0.13066666666666665,1.1,1.8,0.7,23.781476687238523,Good,"1.80,1.80,1.10,1.80,1.10,1.80,1.10,1.80,1.10,1.80"
chatgpt,lenient,student_08,Mahasiswa 8,5,10,1.9,0.31622776601683783,0.09999999999999995,1.8,2.8,0.9999999999999998,16.643566632465152,Good,"1.80,1.80,1.80,1.80,1.80,1.80,1.80,1.80,1.80,2.80"
chatgpt,lenient,student_08,Mahasiswa 8,6,10,3.08,0.06324555320336764,0.004000000000000007,3.0,3.2,0.20000000000000018,2.0534270520573905,Excellent,"3.10,3.10,3.00,3.10,3.10,3.10,3.00,3.00,3.20,3.10"
chatgpt,lenient,student_08,Mahasiswa 8,7,10,1.8199999999999998,0.06324555320336758,0.003999999999999999,1.8,2.0,0.19999999999999996,3.475030395789428,Excellent,"1.80,1.80,1.80,1.80,1.80,1.80,1.80,1.80,1.80,2.00"
chatgpt,lenient,student_12,Mahasiswa 12,1,10,3.19,0.07378647873726217,0.005444444444444443,3.0,3.3,0.2999999999999998,2.313055759788783,Excellent,"3.20,3.20,3.00,3.20,3.20,3.20,3.30,3.20,3.20,3.20"
chatgpt,lenient,student_12,Mahasiswa 12,2,10,3.04,0.051639777949432274,0.0026666666666666713,3.0,3.1,0.10000000000000009,1.6986769062313247,Excellent,"3.00,3.10,3.00,3.00,3.00,3.00,3.10,3.10,3.10,3.00"
chatgpt,lenient,student_12,Mahasiswa 12,3,10,2.63,0.22135943621178658,0.049000000000000016,2.0,2.7,0.7000000000000002,8.416708601208615,Good,"2.70,2.70,2.70,2.70,2.70,2.70,2.00,2.70,2.70,2.70"
chatgpt,lenient,student_12,Mahasiswa 12,4,10,2.7,0.0,0.0,2.7,2.7,0.0,0.0,Excellent,"2.70,2.70,2.70,2.70,2.70,2.70,2.70,2.70,2.70,2.70"
chatgpt,lenient,student_12,Mahasiswa 12,5,10,2.21,0.45080175490144475,0.20322222222222225,1.8,2.8,0.9999999999999998,20.39826945255406,Fair,"1.80,2.80,1.80,2.00,2.70,2.00,2.70,1.80,1.80,2.70"
chatgpt,lenient,student_12,Mahasiswa 12,6,10,3.0800000000000005,0.06324555320336764,0.004000000000000007,3.0,3.2,0.20000000000000018,2.0534270520573905,Excellent,"3.00,3.10,3.10,3.20,3.10,3.10,3.00,3.10,3.10,3.00"
chatgpt,lenient,student_12,Mahasiswa 12,7,10,2.56,0.2951459149490488,0.08711111111111115,2.0,2.7,0.7000000000000002,11.529137302697217,Good,"2.70,2.00,2.70,2.00,2.70,2.70,2.70,2.70,2.70,2.70"
chatgpt,lenient,student_13,Mahasiswa 13,1,10,3.2,0.0,0.0,3.2,3.2,0.0,0.0,Excellent,"3.20,3.20,3.20,3.20,3.20,3.20,3.20,3.20,3.20,3.20"
chatgpt,lenient,student_13,Mahasiswa 13,2,10,3.07,0.09486832980505135,0.008999999999999992,3.0,3.3,0.2999999999999998,3.0901736092850602,Excellent,"3.10,3.00,3.10,3.00,3.10,3.30,3.10,3.00,3.00,3.00"
chatgpt,lenient,student_13,Mahasiswa 13,3,10,2.73,0.09486832980505132,0.008999999999999987,2.7,3.0,0.2999999999999998,3.4750303957894255,Excellent,"2.70,2.70,2.70,2.70,2.70,2.70,3.00,2.70,2.70,2.70"
chatgpt,lenient,student_13,Mahasiswa 13,4,10,2.7,0.2449489742783178,0.05999999999999999,2.1,3.0,0.8999999999999999,9.072184232530288,Good,"2.70,2.70,2.70,2.70,2.70,2.70,3.00,2.10,2.70,3.00"
chatgpt,lenient,student_13,Mahasiswa 13,5,10,1.9400000000000002,0.09660917830792956,0.009333333333333329,1.8,2.0,0.19999999999999996,4.979854551955132,Excellent,"2.00,2.00,1.80,2.00,2.00,1.80,2.00,2.00,2.00,1.80"
chatgpt,lenient,student_13,Mahasiswa 13,6,10,3.14,0.08432740427115686,0.007111111111111124,3.0,3.2,0.20000000000000018,2.68558612328525,Excellent,"3.20,3.00,3.10,3.20,3.20,3.10,3.20,3.20,3.20,3.00"
chatgpt,lenient,student_13,Mahasiswa 13,7,10,1.92,0.10327955589886444,0.010666666666666665,1.8,2.0,0.19999999999999996,5.37914353639919,Excellent,"1.80,1.80,1.80,2.00,2.00,2.00,1.80,2.00,2.00,2.00"
chatgpt,lenient,student_14,Mahasiswa 14,1,10,3.3,0.2160246899469286,0.04666666666666664,3.2,3.9,0.6999999999999997,6.546202725664503,Good,"3.20,3.20,3.30,3.20,3.30,3.20,3.20,3.90,3.20,3.30"
chatgpt,lenient,student_14,Mahasiswa 14,2,10,2.9899999999999998,0.03162277660168382,0.0010000000000000018,2.9,3.0,0.10000000000000009,1.0576179465446094,Excellent,"3.00,3.00,3.00,3.00,3.00,2.90,3.00,3.00,3.00,3.00"
chatgpt,lenient,student_14,Mahasiswa 14,3,10,2.72,0.04216370213557824,0.001777777777777765,2.7,2.8,0.09999999999999964,1.5501361079256706,Excellent,"2.70,2.70,2.70,2.70,2.80,2.70,2.70,2.70,2.80,2.70"
chatgpt,lenient,student_14,Mahasiswa 14,4,10,2.7,0.0,0.0,2.7,2.7,0.0,0.0,Excellent,"2.70,2.70,2.70,2.70,2.70,2.70,2.70,2.70,2.70,2.70"
chatgpt,lenient,student_14,Mahasiswa 14,5,10,1.8,0.0,0.0,1.8,1.8,0.0,0.0,Excellent,"1.80,1.80,1.80,1.80,1.80,1.80,1.80,1.80,1.80,1.80"
chatgpt,lenient,student_14,Mahasiswa 14,6,10,3.19,0.03162277660168382,0.0010000000000000018,3.1,3.2,0.10000000000000009,0.9913096113380507,Excellent,"3.20,3.20,3.20,3.20,3.20,3.20,3.20,3.10,3.20,3.20"
chatgpt,lenient,student_14,Mahasiswa 14,7,10,2.7,0.0,0.0,2.7,2.7,0.0,0.0,Excellent,"2.70,2.70,2.70,2.70,2.70,2.70,2.70,2.70,2.70,2.70"
chatgpt,lenient,student_15,Mahasiswa 15,1,10,3.18,0.06324555320336764,0.004000000000000007,3.0,3.2,0.20000000000000018,1.9888538743197368,Excellent,"3.20,3.20,3.20,3.20,3.20,3.20,3.00,3.20,3.20,3.20"
chatgpt,lenient,student_15,Mahasiswa 15,2,10,2.73,0.09486832980505132,0.008999999999999987,2.7,3.0,0.2999999999999998,3.4750303957894255,Excellent,"2.70,2.70,2.70,2.70,2.70,2.70,2.70,2.70,3.00,2.70"
chatgpt,lenient,student_15,Mahasiswa 15,3,10,2.59,0.32472210341220153,0.1054444444444445,2.0,3.0,1.0,12.537532950278052,Good,"2.70,2.70,2.00,2.70,2.00,2.70,3.00,2.70,2.70,2.70"
chatgpt,lenient,student_15,Mahasiswa 15,4,10,2.0100000000000002,0.03162277660168382,0.0010000000000000018,2.0,2.1,0.10000000000000009,1.5732724677454635,Excellent,"2.00,2.00,2.00,2.00,2.00,2.10,2.00,2.00,2.00,2.00"
chatgpt,lenient,student_15,Mahasiswa 15,5,10,1.8,0.0,0.0,1.8,1.8,0.0,0.0,Excellent,"1.80,1.80,1.80,1.80,1.80,1.80,1.80,1.80,1.80,1.80"
chatgpt,lenient,student_15,Mahasiswa 15,6,10,3.12,0.06324555320336764,0.004000000000000007,3.0,3.2,0.20000000000000018,2.027101064210501,Excellent,"3.10,3.20,3.20,3.20,3.10,3.10,3.10,3.10,3.00,3.10"
chatgpt,lenient,student_15,Mahasiswa 15,7,10,2.0,0.0,0.0,2.0,2.0,0.0,0.0,Excellent,"2.00,2.00,2.00,2.00,2.00,2.00,2.00,2.00,2.00,2.00"
chatgpt,lenient,student_16,Mahasiswa 16,1,10,3.88,0.0632455532033675,0.003999999999999989,3.7,3.9,0.19999999999999973,1.6300400310146261,Excellent,"3.90,3.90,3.90,3.70,3.90,3.90,3.90,3.90,3.90,3.90"
chatgpt,lenient,student_16,Mahasiswa 16,2,10,3.7000000000000006,4.681111291435602e-16,2.1912802922805884e-31,3.7,3.7,0.0,1.2651652139015136e-14,Excellent,"3.70,3.70,3.70,3.70,3.70,3.70,3.70,3.70,3.70,3.70"
chatgpt,lenient,student_16,Mahasiswa 16,3,10,2.9099999999999997,0.1449137674618943,0.020999999999999977,2.7,3.0,0.2999999999999998,4.979854551955131,Excellent,"3.00,3.00,3.00,3.00,2.70,3.00,3.00,2.70,3.00,2.70"
chatgpt,lenient,student_16,Mahasiswa 16,4,10,3.06,0.051639777949432274,0.0026666666666666718,3.0,3.1,0.10000000000000009,1.6875744427919042,Excellent,"3.00,3.10,3.10,3.00,3.00,3.00,3.10,3.10,3.10,3.10"
chatgpt,lenient,student_16,Mahasiswa 16,5,10,3.3,0.0,0.0,3.3,3.3,0.0,0.0,Excellent,"3.30,3.30,3.30,3.30,3.30,3.30,3.30,3.30,3.30,3.30"
chatgpt,lenient,student_16,Mahasiswa 16,6,10,3.88,0.0632455532033675,0.003999999999999989,3.7,3.9,0.19999999999999973,1.6300400310146261,Excellent,"3.90,3.90,3.90,3.90,3.90,3.90,3.70,3.90,3.90,3.90"
chatgpt,lenient,student_16,Mahasiswa 16,7,10,3.02,0.06324555320336764,0.004000000000000007,3.0,3.2,0.20000000000000018,2.094223616005551,Excellent,"3.00,3.00,3.00,3.20,3.00,3.00,3.00,3.00,3.00,3.00"
chatgpt,zero,student_01,Mahasiswa 1,1,10,2.8099999999999996,0.3178049716414141,0.10099999999999999,2.0,3.0,1.0,11.309785467665984,Good,"3.00,2.70,3.00,2.70,3.00,3.00,3.00,3.00,2.00,2.70"
chatgpt,zero,student_01,Mahasiswa 1,2,10,1.9300000000000002,0.11595018087284056,0.013444444444444443,1.7,2.0,0.30000000000000004,6.007781392375159,Excellent,"1.70,2.00,2.00,2.00,1.80,2.00,2.00,1.80,2.00,2.00"
chatgpt,zero,student_01,Mahasiswa 1,3,10,1.1,0.0,0.0,1.1,1.1,0.0,0.0,Excellent,"1.10,1.10,1.10,1.10,1.10,1.10,1.10,1.10,1.10,1.10"
chatgpt,zero,student_01,Mahasiswa 1,4,10,1.1,0.0,0.0,1.1,1.1,0.0,0.0,Excellent,"1.10,1.10,1.10,1.10,1.10,1.10,1.10,1.10,1.10,1.10"
chatgpt,zero,student_01,Mahasiswa 1,5,10,1.1,0.0,0.0,1.1,1.1,0.0,0.0,Excellent,"1.10,1.10,1.10,1.10,1.10,1.10,1.10,1.10,1.10,1.10"
chatgpt,zero,student_01,Mahasiswa 1,6,10,2.12,0.10327955589886455,0.010666666666666687,2.0,2.2,0.20000000000000018,4.87167716504078,Excellent,"2.00,2.20,2.20,2.20,2.00,2.00,2.00,2.20,2.20,2.20"
chatgpt,zero,student_01,Mahasiswa 1,7,10,1.1199999999999999,0.04216370213557834,0.001777777777777773,1.1,1.2,0.09999999999999987,3.764616262105209,Excellent,"1.10,1.20,1.10,1.10,1.10,1.10,1.10,1.20,1.10,1.10"
chatgpt,zero,student_02,Mahasiswa 2,1,10,3.18,0.06324555320336764,0.004000000000000007,3.0,3.2,0.20000000000000018,1.9888538743197368,Excellent,"3.20,3.00,3.20,3.20,3.20,3.20,3.20,3.20,3.20,3.20"
chatgpt,zero,student_02,Mahasiswa 2,2,10,1.92,0.10327955589886444,0.010666666666666663,1.8,2.0,0.19999999999999996,5.37914353639919,Excellent,"2.00,1.80,1.80,2.00,1.80,2.00,2.00,2.00,1.80,2.00"
chatgpt,zero,student_02,Mahasiswa 2,3,10,1.1,0.0,0.0,1.1,1.1,0.0,0.0,Excellent,"1.10,1.10,1.10,1.10,1.10,1.10,1.10,1.10,1.10,1.10"
chatgpt,zero,student_02,Mahasiswa 2,4,10,1.1,0.0,0.0,1.1,1.1,0.0,0.0,Excellent,"1.10,1.10,1.10,1.10,1.10,1.10,1.10,1.10,1.10,1.10"
chatgpt,zero,student_02,Mahasiswa 2,5,10,1.1099999999999999,0.03162277660168376,0.0009999999999999976,1.1,1.2,0.09999999999999987,2.848898792944483,Excellent,"1.10,1.10,1.10,1.20,1.10,1.10,1.10,1.10,1.10,1.10"
chatgpt,zero,student_02,Mahasiswa 2,6,10,3.02,0.09189365834726823,0.00844444444444446,2.9,3.2,0.30000000000000027,3.042836369114842,Excellent,"3.00,3.20,3.00,3.00,3.00,2.90,3.10,3.00,2.90,3.10"
chatgpt,zero,student_02,Mahasiswa 2,7,10,1.98,0.06324555320336757,0.0039999999999999975,1.8,2.0,0.19999999999999996,3.1942198587559383,Excellent,"2.00,2.00,2.00,2.00,2.00,2.00,1.80,2.00,2.00,2.00"
chatgpt,zero,student_03,Mahasiswa 3,1,10,3.18,0.06324555320336764,0.004000000000000007,3.0,3.2,0.20000000000000018,1.9888538743197368,Excellent,"3.20,3.20,3.20,3.20,3.20,3.20,3.20,3.20,3.00,3.20"
chatgpt,zero,student_03,Mahasiswa 3,2,10,2.0300000000000002,0.048304589153964836,0.0023333333333333374,2.0,2.1,0.10000000000000009,2.379536411525361,Excellent,"2.00,2.00,2.00,2.00,2.00,2.00,2.10,2.10,2.10,2.00"
chatgpt,zero,student_03,Mahasiswa 3,3,10,1.1099999999999999,0.03162277660168376,0.0009999999999999976,1.1,1.2,0.09999999999999987,2.848898792944483,Excellent,"1.10,1.10,1.10,1.20,1.10,1.10,1.10,1.10,1.10,1.10"
chatgpt,zero,student_03,Mahasiswa 3,4,10,1.1,0.0,0.0,1.1,1.1,0.0,0.0,Excellent,"1.10,1.10,1.10,1.10,1.10,1.10,1.10,1.10,1.10,1.10"
chatgpt,zero,student_03,Mahasiswa 3,5,10,1.19,0.2183269719175042,0.04766666666666666,1.1,1.8,0.7,18.34680436281548,Good,"1.10,1.10,1.10,1.20,1.10,1.20,1.80,1.10,1.10,1.10"
chatgpt,zero,student_03,Mahasiswa 3,6,10,2.66,0.3977715704047012,0.15822222222222215,2.2,3.0,0.7999999999999998,14.95381843626696,Good,"2.90,3.00,3.00,2.90,2.20,2.20,2.20,3.00,2.20,3.00"
chatgpt,zero,student_03,Mahasiswa 3,7,10,2.0100000000000002,0.11972189997378642,0.014333333333333321,1.8,2.3,0.4999999999999998,5.956313431531662,Excellent,"2.00,2.30,1.80,2.00,2.00,2.00,2.00,2.00,2.00,2.00"
chatgpt,zero,student_05,Mahasiswa 5,1,10,1.9,0.10540925533894596,0.011111111111111106,1.8,2.0,0.19999999999999996,5.547855544155051,Excellent,"1.80,1.80,2.00,2.00,1.80,2.00,2.00,2.00,1.80,1.80"
chatgpt,zero,student_05,Mahasiswa 5,2,10,1.8699999999999999,0.14181364924121767,0.020111111111111114,1.7,2.0,0.30000000000000004,7.583617606482229,Excellent,"1.70,1.70,1.80,1.70,2.00,2.00,2.00,2.00,1.80,2.00"
chatgpt,zero,student_05,Mahasiswa 5,3,10,1.1,0.0,0.0,1.1,1.1,0.0,0.0,Excellent,"1.10,1.10,1.10,1.10,1.10,1.10,1.10,1.10,1.10,1.10"
chatgpt,zero,student_05,Mahasiswa 5,4,10,1.1,0.0,0.0,1.1,1.1,0.0,0.0,Excellent,"1.10,1.10,1.10,1.10,1.10,1.10,1.10,1.10,1.10,1.10"
chatgpt,zero,student_05,Mahasiswa 5,5,10,1.1,0.0,0.0,1.1,1.1,0.0,0.0,Excellent,"1.10,1.10,1.10,1.10,1.10,1.10,1.10,1.10,1.10,1.10"
chatgpt,zero,student_05,Mahasiswa 5,6,10,2.1,0.10540925533894607,0.011111111111111132,2.0,2.2,0.20000000000000018,5.019488349473622,Excellent,"2.20,2.00,2.20,2.20,2.20,2.00,2.00,2.20,2.00,2.00"
chatgpt,zero,student_05,Mahasiswa 5,7,10,1.1099999999999999,0.03162277660168376,0.0009999999999999976,1.1,1.2,0.09999999999999987,2.848898792944483,Excellent,"1.10,1.10,1.10,1.20,1.10,1.10,1.10,1.10,1.10,1.10"
chatgpt,zero,student_08,Mahasiswa 8,1,10,1.8400000000000003,0.08432740427115676,0.007111111111111108,1.8,2.0,0.19999999999999996,4.583011101693301,Excellent,"1.80,2.00,1.80,1.80,1.80,1.80,2.00,1.80,1.80,1.80"
chatgpt,zero,student_08,Mahasiswa 8,2,10,1.9600000000000002,0.08432740427115676,0.007111111111111108,1.8,2.0,0.19999999999999996,4.3024185852631,Excellent,"2.00,2.00,2.00,2.00,1.80,2.00,2.00,2.00,1.80,2.00"
chatgpt,zero,student_08,Mahasiswa 8,3,10,1.1099999999999999,0.03162277660168376,0.0009999999999999976,1.1,1.2,0.09999999999999987,2.848898792944483,Excellent,"1.10,1.10,1.10,1.10,1.20,1.10,1.10,1.10,1.10,1.10"
chatgpt,zero,student_08,Mahasiswa 8,4,10,1.1,0.0,0.0,1.1,1.1,0.0,0.0,Excellent,"1.10,1.10,1.10,1.10,1.10,1.10,1.10,1.10,1.10,1.10"
chatgpt,zero,student_08,Mahasiswa 8,5,10,1.1800000000000002,0.22010098692292235,0.048444444444444436,1.1,1.8,0.7,18.652626010417144,Good,"1.10,1.10,1.10,1.20,1.10,1.10,1.10,1.80,1.10,1.10"
chatgpt,zero,student_08,Mahasiswa 8,6,10,2.31,0.37549966711037175,0.141,2.0,2.9,0.8999999999999999,16.25539684460484,Good,"2.00,2.90,2.00,2.00,2.20,2.90,2.20,2.00,2.70,2.20"
chatgpt,zero,student_08,Mahasiswa 8,7,10,1.1199999999999999,0.04216370213557834,0.001777777777777773,1.1,1.2,0.09999999999999987,3.764616262105209,Excellent,"1.10,1.10,1.10,1.20,1.10,1.20,1.10,1.10,1.10,1.10"
chatgpt,zero,student_12,Mahasiswa 12,1,10,3.0599999999999996,0.09660917830792967,0.00933333333333335,3.0,3.2,0.20000000000000018,3.1571626898016234,Excellent,"3.00,3.00,3.00,3.20,3.00,3.20,3.00,3.00,3.00,3.20"
chatgpt,zero,student_12,Mahasiswa 12,2,10,2.85,0.15811388300841886,0.02499999999999997,2.7,3.0,0.2999999999999998,5.5478555441550474,Excellent,"3.00,2.70,3.00,2.70,2.70,3.00,3.00,3.00,2.70,2.70"
chatgpt,zero,student_12,Mahasiswa 12,3,10,1.8,0.0,0.0,1.8,1.8,0.0,0.0,Excellent,"1.80,1.80,1.80,1.80,1.80,1.80,1.80,1.80,1.80,1.80"
chatgpt,zero,student_12,Mahasiswa 12,4,10,1.8199999999999998,0.07888106377466154,0.006222222222222221,1.7,2.0,0.30000000000000004,4.334124383223162,Excellent,"1.80,1.90,1.80,1.80,1.80,1.80,1.80,1.70,1.80,2.00"
chatgpt,zero,student_12,Mahasiswa 12,5,10,1.1199999999999999,0.04216370213557834,0.001777777777777773,1.1,1.2,0.09999999999999987,3.764616262105209,Excellent,"1.10,1.20,1.20,1.10,1.10,1.10,1.10,1.10,1.10,1.10"
chatgpt,zero,student_12,Mahasiswa 12,6,10,2.9,0.2788866755113585,0.07777777777777775,2.2,3.2,1.0,9.616781914184775,Good,"3.10,2.90,2.90,3.00,3.00,3.00,3.00,2.70,3.20,2.20"
chatgpt,zero,student_12,Mahasiswa 12,7,10,1.1699999999999997,0.04830458915396473,0.002333333333333327,1.1,1.2,0.09999999999999987,4.12859736358673,Excellent,"1.10,1.20,1.20,1.20,1.20,1.10,1.20,1.20,1.20,1.10"
chatgpt,zero,student_13,Mahasiswa 13,1,10,3.16,0.08432740427115686,0.007111111111111124,3.0,3.2,0.20000000000000018,2.668588742758128,Excellent,"3.20,3.20,3.00,3.20,3.20,3.20,3.00,3.20,3.20,3.20"
chatgpt,zero,student_13,Mahasiswa 13,2,10,2.82,0.1549193338482966,0.023999999999999976,2.7,3.0,0.2999999999999998,5.493593398875766,Excellent,"3.00,3.00,2.70,3.00,2.70,2.70,2.70,2.70,3.00,2.70"
chatgpt,zero,student_13,Mahasiswa 13,3,10,1.8,0.0,0.0,1.8,1.8,0.0,0.0,Excellent,"1.80,1.80,1.80,1.80,1.80,1.80,1.80,1.80,1.80,1.80"
chatgpt,zero,student_13,Mahasiswa 13,4,10,1.9,0.10540925533894596,0.011111111111111106,1.8,2.0,0.19999999999999996,5.547855544155051,Excellent,"2.00,2.00,2.00,1.80,1.80,1.80,2.00,2.00,1.80,1.80"
chatgpt,zero,student_13,Mahasiswa 13,5,10,1.32,0.33266599866332397,0.11066666666666668,1.1,1.8,0.7,25.20196959570636,Good,"1.80,1.80,1.10,1.10,1.10,1.10,1.80,1.10,1.10,1.20"
chatgpt,zero,student_13,Mahasiswa 13,6,10,2.42,0.35527766918597925,0.12622222222222212,2.2,3.0,0.7999999999999998,14.680895420908232,Good,"2.20,2.20,2.20,3.00,2.90,2.20,2.20,2.20,2.20,2.90"
chatgpt,zero,student_13,Mahasiswa 13,7,10,1.1,0.0,0.0,1.1,1.1,0.0,0.0,Excellent,"1.10,1.10,1.10,1.10,1.10,1.10,1.10,1.10,1.10,1.10"
chatgpt,zero,student_14,Mahasiswa 14,1,10,3.04,0.08432740427115686,0.007111111111111124,3.0,3.2,0.20000000000000018,2.7739277720775277,Excellent,"3.00,3.00,3.00,3.20,3.20,3.00,3.00,3.00,3.00,3.00"
chatgpt,zero,student_14,Mahasiswa 14,2,10,2.0,0.0,0.0,2.0,2.0,0.0,0.0,Excellent,"2.00,2.00,2.00,2.00,2.00,2.00,2.00,2.00,2.00,2.00"
chatgpt,zero,student_14,Mahasiswa 14,3,10,1.8,0.0,0.0,1.8,1.8,0.0,0.0,Excellent,"1.80,1.80,1.80,1.80,1.80,1.80,1.80,1.80,1.80,1.80"
chatgpt,zero,student_14,Mahasiswa 14,4,10,1.8200000000000003,0.04216370213557834,0.001777777777777773,1.8,1.9,0.09999999999999987,2.3166869305262816,Excellent,"1.80,1.90,1.80,1.80,1.80,1.90,1.80,1.80,1.80,1.80"
chatgpt,zero,student_14,Mahasiswa 14,5,10,1.1,0.0,0.0,1.1,1.1,0.0,0.0,Excellent,"1.10,1.10,1.10,1.10,1.10,1.10,1.10,1.10,1.10,1.10"
chatgpt,zero,student_14,Mahasiswa 14,6,10,2.85,0.15811388300841886,0.02499999999999997,2.7,3.0,0.2999999999999998,5.5478555441550474,Excellent,"2.70,3.00,2.70,2.70,3.00,3.00,3.00,2.70,3.00,2.70"
chatgpt,zero,student_14,Mahasiswa 14,7,10,1.6600000000000001,0.2951459149490487,0.08711111111111108,1.1,1.8,0.7,17.779874394521002,Good,"1.80,1.10,1.80,1.80,1.80,1.80,1.80,1.10,1.80,1.80"
chatgpt,zero,student_15,Mahasiswa 15,1,10,3.02,0.06324555320336764,0.004000000000000007,3.0,3.2,0.20000000000000018,2.094223616005551,Excellent,"3.20,3.00,3.00,3.00,3.00,3.00,3.00,3.00,3.00,3.00"
chatgpt,zero,student_15,Mahasiswa 15,2,10,1.9600000000000002,0.08432740427115676,0.007111111111111108,1.8,2.0,0.19999999999999996,4.3024185852631,Excellent,"2.00,1.80,2.00,2.00,1.80,2.00,2.00,2.00,2.00,2.00"
chatgpt,zero,student_15,Mahasiswa 15,3,10,1.14,0.051639777949432156,0.002666666666666659,1.1,1.2,0.09999999999999987,4.529805083283523,Excellent,"1.20,1.20,1.20,1.10,1.10,1.20,1.10,1.10,1.10,1.10"
chatgpt,zero,student_15,Mahasiswa 15,4,10,1.1,0.0,0.0,1.1,1.1,0.0,0.0,Excellent,"1.10,1.10,1.10,1.10,1.10,1.10,1.10,1.10,1.10,1.10"
chatgpt,zero,student_15,Mahasiswa 15,5,10,1.1,0.0,0.0,1.1,1.1,0.0,0.0,Excellent,"1.10,1.10,1.10,1.10,1.10,1.10,1.10,1.10,1.10,1.10"
chatgpt,zero,student_15,Mahasiswa 15,6,10,3.02,0.07888106377466163,0.006222222222222234,2.9,3.2,0.30000000000000027,2.611955754127868,Excellent,"3.00,3.10,3.00,3.00,3.00,3.00,2.90,3.00,3.20,3.00"
chatgpt,zero,student_15,Mahasiswa 15,7,10,1.13,0.04830458915396473,0.002333333333333327,1.1,1.2,0.09999999999999987,4.274742403005729,Excellent,"1.20,1.10,1.10,1.20,1.10,1.20,1.10,1.10,1.10,1.10"
chatgpt,zero,student_16,Mahasiswa 16,1,10,3.2700000000000005,0.22135943621178647,0.04899999999999996,3.2,3.9,0.6999999999999997,6.769401719014875,Good,"3.20,3.20,3.20,3.20,3.20,3.20,3.20,3.20,3.90,3.20"
chatgpt,zero,student_16,Mahasiswa 16,2,10,3.13,0.2213594362117866,0.04900000000000003,2.8,3.7,0.9000000000000004,7.072186460440467,Good,"3.10,3.10,2.80,3.10,3.10,3.10,3.10,3.10,3.70,3.10"
chatgpt,zero,student_16,Mahasiswa 16,3,10,1.9,0.10540925533894596,0.011111111111111106,1.8,2.0,0.19999999999999996,5.547855544155051,Excellent,"2.00,1.80,1.80,1.80,2.00,2.00,1.80,1.80,2.00,2.00"
chatgpt,zero,student_16,Mahasiswa 16,4,10,2.79,0.1449137674618943,0.020999999999999977,2.7,3.0,0.2999999999999998,5.19404184451234,Excellent,"2.70,2.70,2.70,3.00,3.00,3.00,2.70,2.70,2.70,2.70"
chatgpt,zero,student_16,Mahasiswa 16,5,10,3.02,0.06324555320336764,0.004000000000000007,3.0,3.2,0.20000000000000018,2.094223616005551,Excellent,"3.00,3.20,3.00,3.00,3.00,3.00,3.00,3.00,3.00,3.00"
chatgpt,zero,student_16,Mahasiswa 16,6,10,3.72,0.0632455532033675,0.003999999999999989,3.7,3.9,0.19999999999999973,1.7001492796604165,Excellent,"3.70,3.70,3.70,3.90,3.70,3.70,3.70,3.70,3.70,3.70"
chatgpt,zero,student_16,Mahasiswa 16,7,10,2.12,0.22997584414213793,0.05288888888888891,2.0,2.7,0.7000000000000002,10.847917176515939,Good,"2.30,2.00,2.00,2.00,2.00,2.00,2.20,2.00,2.00,2.70"
gemini,few,student_01,Mahasiswa 1,1,10,3.3699999999999997,0.6583649781424012,0.43344444444444447,2.3,4.0,1.7000000000000002,19.536052763869474,Poor,"2.90,3.30,3.90,2.30,2.50,3.90,3.00,4.00,4.00,3.90"
gemini,few,student_01,Mahasiswa 1,2,10,2.3399999999999994,0.051639777949432274,0.0026666666666666713,2.3,2.4,0.10000000000000009,2.2068281174971065,Excellent,"2.30,2.40,2.30,2.30,2.30,2.40,2.40,2.30,2.30,2.40"
gemini,few,student_01,Mahasiswa 1,3,10,1.65,0.406201920231798,0.16499999999999998,1.2,2.5,1.3,24.618298195866547,Fair,"2.50,1.20,1.80,1.80,1.20,1.30,1.80,1.80,1.80,1.30"
gemini,few,student_01,Mahasiswa 1,4,10,1.2199999999999998,0.24855135843076331,0.06177777777777777,1.0,1.9,0.8999999999999999,20.373062166456013,Good,"1.90,1.00,1.20,1.20,1.20,1.10,1.20,1.10,1.20,1.10"
gemini,few,student_01,Mahasiswa 1,5,10,1.8800000000000001,0.33598941782277736,0.11288888888888887,1.1,2.4,1.2999999999999998,17.871777543764754,Good,"1.80,2.40,1.10,2.20,1.80,1.90,1.80,1.90,1.90,2.00"
gemini,few,student_01,Mahasiswa 1,6,10,2.7399999999999998,0.7351492667781451,0.5404444444444444,2.0,3.9,1.9,26.83026521088121,Poor,"2.30,3.90,3.20,2.20,2.50,2.00,2.00,2.30,3.90,3.10"
gemini,few,student_01,Mahasiswa 1,7,10,1.2499999999999998,0.1957890020745122,0.038333333333333344,1.1,1.8,0.7,15.663120165960978,Excellent,"1.80,1.20,1.20,1.20,1.20,1.10,1.20,1.20,1.20,1.20"
gemini,few,student_02,Mahasiswa 2,1,10,3.16,0.29514591494904874,0.0871111111111111,2.4,3.3,0.8999999999999999,9.340060599653441,Good,"2.90,3.20,3.30,3.30,3.30,3.30,2.40,3.30,3.30,3.30"
gemini,few,student_02,Mahasiswa 2,2,10,2.79,0.37844711945293263,0.14322222222222225,2.4,3.4,1.0,13.564412883617658,Good,"2.90,2.40,3.10,2.40,2.70,3.10,3.40,3.10,2.40,2.40"
gemini,few,student_02,Mahasiswa 2,3,9,1.2555555555555555,0.31666666666666665,0.10027777777777777,1.0,1.8,0.8,25.221238938053098,Good,"1.80,1.00,1.10,1.00,1.20,1.10,1.10,1.80,1.20"
gemini,few,student_02,Mahasiswa 2,4,10,1.17,0.24060109910158123,0.057888888888888906,1.0,1.8,0.8,20.564196504408653,Good,"1.80,1.20,1.00,1.20,1.20,1.00,1.00,1.00,1.20,1.10"
gemini,few,student_02,Mahasiswa 2,5,10,1.3499999999999999,0.26770630673681683,0.07166666666666667,1.2,1.9,0.7,19.83009679531977,Good,"1.80,1.20,1.30,1.20,1.20,1.30,1.90,1.20,1.20,1.20"
gemini,few,student_02,Mahasiswa 2,6,10,2.35,0.25055493963954845,0.06277777777777775,2.1,2.9,0.7999999999999998,10.661912325087169,Good,"2.90,2.10,2.40,2.20,2.20,2.40,2.20,2.60,2.40,2.10"
gemini,few,student_02,Mahasiswa 2,7,10,2.58,0.5308274463305168,0.28177777777777774,1.9,3.8,1.9,20.574707222113055,Fair,"2.90,2.40,1.90,2.40,2.40,2.20,2.40,3.00,3.80,2.40"
gemini,few,student_03,Mahasiswa 3,1,10,2.97,0.5457919831665622,0.29788888888888887,2.3,4.0,1.7000000000000002,18.3768344500526,Fair,"2.90,2.40,2.40,2.30,3.30,3.30,3.30,3.20,4.00,2.60"
gemini,few,student_03,Mahasiswa 3,2,10,2.71,0.3695342413844157,0.13655555555555562,2.2,3.2,1.0,13.635949866583605,Good,"2.90,3.10,3.00,3.00,2.60,2.20,2.30,2.40,2.40,3.20"
gemini,few,student_03,Mahasiswa 3,3,10,1.83,0.3164033993355809,0.10011111111111108,1.1,2.4,1.2999999999999998,17.28980324238147,Good,"2.40,1.80,1.10,1.80,1.80,1.80,1.90,2.00,1.80,1.90"
gemini,few,student_03,Mahasiswa 3,4,10,1.21,0.22827858224351907,0.05211111111111111,1.0,1.8,0.8,18.865998532522237,Good,"1.80,1.00,1.20,1.20,1.30,1.20,1.10,1.20,1.00,1.10"
gemini,few,student_03,Mahasiswa 3,5,10,2.08,0.22509257354845502,0.05066666666666664,1.8,2.4,0.5999999999999999,10.821758343675722,Good,"1.80,1.90,2.00,2.10,2.10,2.00,1.80,2.40,2.40,2.30"
gemini,few,student_03,Mahasiswa 3,6,10,1.8199999999999998,0.3910100879630715,0.1528888888888889,1.4,2.3,0.8999999999999999,21.484070767201732,Good,"2.30,1.60,1.40,1.80,1.40,2.30,2.20,1.60,2.20,1.40"
gemini,few,student_03,Mahasiswa 3,7,10,2.14,0.3977715704047013,0.15822222222222224,1.8,3.1,1.3,18.58745656096735,Good,"3.10,2.40,2.30,1.90,1.90,1.80,1.90,1.80,2.10,2.20"
gemini,few,student_05,Mahasiswa 5,1,10,2.0799999999999996,0.40770359603788414,0.16622222222222222,1.2,2.4,1.2,19.601134424898277,Fair,"2.20,2.30,1.70,2.30,1.70,2.40,2.40,1.20,2.20,2.40"
gemini,few,student_05,Mahasiswa 5,2,10,2.08,0.26583202716502524,0.07066666666666671,1.8,2.7,0.9000000000000001,12.780385921395442,Good,"2.70,1.90,1.80,1.90,1.90,2.20,2.20,1.90,2.10,2.20"
gemini,few,student_05,Mahasiswa 5,3,10,1.4700000000000002,0.3093002855909879,0.09566666666666666,1.2,1.9,0.7,21.040835754488967,Good,"1.80,1.20,1.20,1.30,1.90,1.30,1.20,1.20,1.80,1.80"
gemini,few,student_05,Mahasiswa 5,4,10,1.28,0.18737959096740267,0.03511111111111113,1.2,1.8,0.6000000000000001,14.639030544328332,Excellent,"1.80,1.20,1.20,1.20,1.20,1.30,1.20,1.20,1.20,1.30"
gemini,few,student_05,Mahasiswa 5,5,10,1.59,0.36347092196090613,0.13211111111111112,1.1,2.0,0.8999999999999999,22.859806412635606,Good,"1.80,1.90,1.90,1.20,2.00,1.20,1.10,1.80,1.80,1.20"
gemini,few,student_05,Mahasiswa 5,6,9,1.7444444444444445,0.4126472801046649,0.17027777777777778,1.2,2.5,1.3,23.65493962383429,Fair,"2.20,1.60,2.50,1.30,1.80,1.20,1.90,1.60,1.60"
gemini,few,student_05,Mahasiswa 5,7,10,1.3699999999999999,0.3653004851412661,0.1334444444444444,1.2,2.4,1.2,26.664268988413586,Good,"2.40,1.20,1.20,1.30,1.20,1.30,1.30,1.30,1.30,1.20"
gemini,few,student_08,Mahasiswa 8,1,10,1.5399999999999998,0.34383458555273677,0.11822222222222226,1.2,2.2,1.0000000000000002,22.326921139788105,Good,"2.20,1.80,1.40,1.20,1.40,1.30,1.40,1.20,1.50,2.00"
gemini,few,student_08,Mahasiswa 8,2,10,2.1000000000000005,0.28284271247461895,0.07999999999999996,1.5,2.3,0.7999999999999998,13.468700594029471,Good,"2.30,1.50,2.10,2.30,1.70,2.30,2.10,2.30,2.10,2.30"
gemini,few,student_08,Mahasiswa 8,3,10,1.8800000000000001,0.332665998663324,0.11066666666666669,1.2,2.5,1.3,17.694999928900213,Good,"2.50,1.80,1.80,1.80,1.80,2.00,1.80,1.90,1.20,2.20"
gemini,few,student_08,Mahasiswa 8,4,10,1.14,0.08432740427115674,0.007111111111111105,1.0,1.2,0.19999999999999996,7.3971407255400665,Excellent,"1.20,1.20,1.10,1.20,1.20,1.20,1.00,1.20,1.00,1.10"
gemini,few,student_08,Mahasiswa 8,5,10,1.73,0.2584139659108574,0.06677777777777777,1.2,1.9,0.7,14.937223463055341,Good,"1.80,1.30,1.90,1.80,1.90,1.90,1.90,1.80,1.80,1.20"
gemini,few,student_08,Mahasiswa 8,6,9,2.388888888888889,0.1763834207376394,0.03111111111111112,2.0,2.6,0.6000000000000001,7.383492030877929,Excellent,"2.30,2.50,2.40,2.50,2.50,2.30,2.00,2.40,2.60"
gemini,few,student_08,Mahasiswa 8,7,10,1.2899999999999998,0.3956710193526379,0.15655555555555553,1.0,2.4,1.4,30.672172042840153,Good,"2.40,1.20,1.20,1.20,1.00,1.20,1.20,1.20,1.10,1.20"
gemini,few,student_12,Mahasiswa 12,1,10,2.6700000000000004,0.33015148038438363,0.10900000000000006,2.3,3.2,0.9000000000000004,12.365223984433841,Good,"2.90,3.20,2.40,2.60,2.30,3.20,2.30,2.60,2.60,2.60"
gemini,few,student_12,Mahasiswa 12,2,10,2.4999999999999996,0.2708012801545321,0.07333333333333336,2.3,3.1,0.8000000000000003,10.832051206181285,Good,"2.90,2.40,2.40,3.10,2.40,2.30,2.40,2.30,2.40,2.40"
gemini,few,student_12,Mahasiswa 12,3,10,2.2199999999999998,0.22010098692292235,0.04844444444444443,1.8,2.4,0.5999999999999999,9.914458870401909,Good,"1.90,2.30,2.40,2.40,2.40,2.30,2.40,2.10,2.20,1.80"
gemini,few,student_12,Mahasiswa 12,4,10,1.2999999999999998,0.3527668414752787,0.12444444444444443,1.1,2.3,1.1999999999999997,27.13591088271375,Good,"2.30,1.20,1.20,1.20,1.20,1.20,1.10,1.20,1.20,1.20"
gemini,few,student_12,Mahasiswa 12,5,10,1.8099999999999998,0.34140233677518317,0.11655555555555558,1.2,2.1,0.9000000000000001,18.862007556639956,Good,"1.80,1.80,1.20,2.10,2.00,2.10,2.10,1.90,1.20,1.90"
gemini,few,student_12,Mahasiswa 12,6,10,2.34,0.25905812303633924,0.06711111111111108,2.0,2.9,0.8999999999999999,11.070859958817916,Good,"2.90,2.20,2.60,2.20,2.40,2.10,2.30,2.30,2.40,2.00"
gemini,few,student_12,Mahasiswa 12,7,10,1.4099999999999997,0.42544094772365293,0.181,1.2,2.5,1.3,30.17311685983355,Fair,"2.50,1.30,1.20,1.30,1.20,1.20,1.80,1.20,1.20,1.20"
gemini,few,student_13,Mahasiswa 13,1,10,3.4,0.5228129047119374,0.2733333333333333,2.4,4.0,1.6,15.376850138586395,Fair,"2.90,3.90,3.20,3.90,3.30,3.30,3.90,2.40,4.00,3.20"
gemini,few,student_13,Mahasiswa 13,2,10,3.37,0.35605867181937556,0.1267777777777778,2.9,4.0,1.1,10.565539223126871,Good,"2.90,3.30,3.10,3.20,4.00,4.00,3.30,3.30,3.30,3.30"
gemini,few,student_13,Mahasiswa 13,3,10,2.04,0.5037636129950016,0.25377777777777777,1.3,3.2,1.9000000000000001,24.694294754656944,Fair,"3.20,1.30,1.90,1.90,1.90,1.80,1.90,1.80,2.40,2.30"
gemini,few,student_13,Mahasiswa 13,4,10,1.31,0.4094712037087182,0.1676666666666666,1.1,2.3,1.1999999999999997,31.25734379455864,Fair,"2.30,1.10,1.10,1.20,1.10,1.10,1.10,1.10,1.80,1.20"
gemini,few,student_13,Mahasiswa 13,5,10,1.7100000000000002,0.3414023367751831,0.11655555555555555,1.2,2.1,0.9000000000000001,19.965048934221233,Good,"1.80,1.90,2.10,1.90,1.20,1.30,1.20,2.00,1.80,1.90"
gemini,few,student_13,Mahasiswa 13,6,10,2.6599999999999997,0.36270588023294514,0.13155555555555554,2.2,3.3,1.0999999999999996,13.635559407253577,Good,"2.90,2.60,2.50,2.60,2.50,2.50,2.30,3.30,2.20,3.20"
gemini,few,student_13,Mahasiswa 13,7,10,1.3399999999999999,0.4087922591134905,0.16711111111111115,1.2,2.5,1.3,30.506885008469443,Fair,"2.50,1.20,1.20,1.20,1.20,1.20,1.20,1.30,1.20,1.20"
gemini,few,student_14,Mahasiswa 14,1,10,3.4899999999999998,0.39567101935263793,0.1565555555555556,2.9,4.0,1.1,11.337278491479598,Good,"2.90,3.10,4.00,3.90,3.90,3.30,3.30,3.90,3.30,3.30"
gemini,few,student_14,Mahasiswa 14,2,10,2.6600000000000006,0.26331223544175325,0.0693333333333333,2.4,3.3,0.8999999999999999,9.898956219614782,Good,"2.90,2.60,2.60,2.50,2.50,2.70,2.40,2.50,2.60,3.30"
gemini,few,student_14,Mahasiswa 14,3,10,2.34,0.5015531433014409,0.25155555555555564,1.9,3.2,1.3000000000000003,21.43389501288209,Fair,"3.20,2.60,2.10,2.00,2.00,2.00,2.00,3.20,1.90,2.40"
gemini,few,student_14,Mahasiswa 14,4,10,1.4,0.270801280154532,0.07333333333333332,1.2,1.9,0.7,19.342948582466573,Good,"1.90,1.40,1.20,1.30,1.20,1.30,1.90,1.30,1.20,1.30"
gemini,few,student_14,Mahasiswa 14,5,10,1.81,0.3900142447541002,0.15211111111111114,1.2,2.4,1.2,21.54774832895581,Good,"1.80,1.30,2.40,1.90,1.20,1.90,1.40,2.10,2.00,2.10"
gemini,few,student_14,Mahasiswa 14,6,10,2.56,0.2011080417199781,0.04044444444444445,2.2,2.9,0.6999999999999997,7.855782879686644,Good,"2.90,2.50,2.60,2.70,2.70,2.60,2.30,2.60,2.50,2.20"
gemini,few,student_14,Mahasiswa 14,7,10,1.36,0.23664319132398468,0.05600000000000002,1.2,1.8,0.6000000000000001,17.400234656175343,Good,"1.80,1.20,1.30,1.20,1.20,1.30,1.20,1.30,1.80,1.30"
gemini,few,student_15,Mahasiswa 15,1,10,3.13,0.2213594362117865,0.04899999999999998,2.6,3.3,0.6999999999999997,7.072186460440463,Good,"2.90,3.20,2.60,3.30,3.30,3.10,3.20,3.30,3.20,3.20"
gemini,few,student_15,Mahasiswa 15,2,10,2.3600000000000003,0.211869981094276,0.04488888888888887,2.2,2.9,0.6999999999999997,8.977541571791354,Good,"2.90,2.20,2.50,2.30,2.40,2.20,2.30,2.20,2.30,2.30"
gemini,few,student_15,Mahasiswa 15,3,9,1.9666666666666666,0.48733971724044817,0.2375,1.2,2.5,1.3,24.77998562239567,Fair,"2.50,2.40,2.00,1.20,1.90,1.90,1.20,2.20,2.40"
gemini,few,student_15,Mahasiswa 15,4,9,1.3666666666666667,0.2783882181415011,0.0775,1.2,1.9,0.7,20.36986962010984,Good,"1.80,1.90,1.20,1.20,1.20,1.20,1.20,1.30,1.30"
gemini,few,student_15,Mahasiswa 15,5,10,1.6199999999999999,0.3614784456460256,0.13066666666666668,1.2,2.2,1.0000000000000002,22.313484299137386,Good,"1.80,1.80,1.80,1.90,1.20,1.80,1.20,1.30,1.20,2.20"
gemini,few,student_15,Mahasiswa 15,6,10,2.3600000000000003,0.24129281427805138,0.0582222222222222,2.1,2.9,0.7999999999999998,10.224271791442854,Good,"2.90,2.40,2.20,2.10,2.20,2.30,2.40,2.50,2.50,2.10"
gemini,few,student_15,Mahasiswa 15,7,10,1.42,0.42110964526276684,0.17733333333333334,1.2,2.5,1.3,29.65560882132161,Fair,"2.50,1.30,1.30,1.30,1.20,1.20,1.20,1.20,1.80,1.20"
gemini,few,student_16,Mahasiswa 16,1,10,3.7299999999999995,0.3497618237219913,0.12233333333333335,3.1,4.0,0.8999999999999999,9.376992593082878,Good,"3.10,4.00,3.90,3.30,3.90,3.90,4.00,4.00,3.90,3.30"
gemini,few,student_16,Mahasiswa 16,2,10,3.9,0.31622776601683794,0.09999999999999999,3.0,4.0,1.0,8.108404256841999,Good,"3.00,4.00,4.00,4.00,4.00,4.00,4.00,4.00,4.00,4.00"
gemini,few,student_16,Mahasiswa 16,3,10,3.0700000000000003,0.4571651780264984,0.20900000000000002,2.3,3.9,1.6,14.891373877084638,Fair,"3.20,3.30,3.20,3.90,3.00,2.40,3.10,3.00,2.30,3.30"
gemini,few,student_16,Mahasiswa 16,4,10,2.0100000000000002,0.4383048152953731,0.19211111111111112,1.5,2.9,1.4,21.806209716187713,Fair,"2.90,1.70,2.20,1.50,2.40,1.60,2.10,1.90,2.20,1.60"
gemini,few,student_16,Mahasiswa 16,5,10,3.3,0.2494438257849294,0.062222222222222213,2.9,3.9,1.0,7.5589038116645275,Good,"2.90,3.30,3.30,3.30,3.30,3.90,3.30,3.30,3.10,3.30"
gemini,few,student_16,Mahasiswa 16,6,10,3.91,0.21832697191750428,0.0476666666666667,3.3,4.0,0.7000000000000002,5.583810023465582,Good,"3.30,4.00,4.00,3.90,4.00,4.00,3.90,4.00,4.00,4.00"
gemini,few,student_16,Mahasiswa 16,7,10,2.52,0.48027769744874343,0.23066666666666671,2.0,3.2,1.2000000000000002,19.058638787648547,Fair,"3.20,2.00,2.20,3.20,3.20,2.30,2.20,2.30,2.20,2.40"
gemini,lenient,student_01,Mahasiswa 1,1,10,2.8999999999999995,4.681111291435602e-16,2.1912802922805884e-31,2.9,2.9,0.0,1.614176307391587e-14,Excellent,"2.90,2.90,2.90,2.90,2.90,2.90,2.90,2.90,2.90,2.90"
gemini,lenient,student_01,Mahasiswa 1,2,10,2.3,0.0,0.0,2.3,2.3,0.0,0.0,Excellent,"2.30,2.30,2.30,2.30,2.30,2.30,2.30,2.30,2.30,2.30"
gemini,lenient,student_01,Mahasiswa 1,3,10,3.18,0.06324555320336754,0.003999999999999995,3.1,3.3,0.19999999999999973,1.9888538743197337,Excellent,"3.20,3.10,3.20,3.10,3.20,3.30,3.20,3.20,3.10,3.20"
gemini,lenient,student_01,Mahasiswa 1,4,10,1.8,0.0,0.0,1.8,1.8,0.0,0.0,Excellent,"1.80,1.80,1.80,1.80,1.80,1.80,1.80,1.80,1.80,1.80"
gemini,lenient,student_01,Mahasiswa 1,5,10,1.8,0.0,0.0,1.8,1.8,0.0,0.0,Excellent,"1.80,1.80,1.80,1.80,1.80,1.80,1.80,1.80,1.80,1.80"
gemini,lenient,student_01,Mahasiswa 1,6,10,2.8999999999999995,4.681111291435602e-16,2.1912802922805884e-31,2.9,2.9,0.0,1.614176307391587e-14,Excellent,"2.90,2.90,2.90,2.90,2.90,2.90,2.90,2.90,2.90,2.90"
gemini,lenient,student_01,Mahasiswa 1,7,10,1.86,0.18973665961010272,0.03599999999999998,1.8,2.4,0.5999999999999999,10.200895677962512,Excellent,"1.80,1.80,1.80,1.80,1.80,1.80,2.40,1.80,1.80,1.80"
gemini,lenient,student_02,Mahasiswa 2,1,10,2.94,0.08432740427115686,0.007111111111111124,2.9,3.1,0.20000000000000018,2.86827905684207,Excellent,"2.90,2.90,2.90,2.90,2.90,3.10,2.90,2.90,3.10,2.90"
gemini,lenient,student_02,Mahasiswa 2,2,10,2.9199999999999995,0.06324555320336765,0.004000000000000008,2.9,3.1,0.20000000000000018,2.165943602855057,Excellent,"2.90,2.90,2.90,2.90,2.90,3.10,2.90,2.90,2.90,2.90"
gemini,lenient,student_02,Mahasiswa 2,3,10,1.8,0.0,0.0,1.8,1.8,0.0,0.0,Excellent,"1.80,1.80,1.80,1.80,1.80,1.80,1.80,1.80,1.80,1.80"
gemini,lenient,student_02,Mahasiswa 2,4,10,1.8,0.0,0.0,1.8,1.8,0.0,0.0,Excellent,"1.80,1.80,1.80,1.80,1.80,1.80,1.80,1.80,1.80,1.80"
gemini,lenient,student_02,Mahasiswa 2,5,10,1.8,0.0,0.0,1.8,1.8,0.0,0.0,Excellent,"1.80,1.80,1.80,1.80,1.80,1.80,1.80,1.80,1.80,1.80"
gemini,lenient,student_02,Mahasiswa 2,6,10,2.8999999999999995,4.681111291435602e-16,2.1912802922805884e-31,2.9,2.9,0.0,1.614176307391587e-14,Excellent,"2.90,2.90,2.90,2.90,2.90,2.90,2.90,2.90,2.90,2.90"
gemini,lenient,student_02,Mahasiswa 2,7,10,3.02,0.13165611772087676,0.017333333333333364,2.9,3.2,0.30000000000000027,4.359474096717773,Excellent,"3.20,3.00,2.90,3.00,3.00,3.20,2.90,3.20,2.90,2.90"
gemini,lenient,student_03,Mahasiswa 3,1,10,2.8999999999999995,4.681111291435602e-16,2.1912802922805884e-31,2.9,2.9,0.0,1.614176307391587e-14,Excellent,"2.90,2.90,2.90,2.90,2.90,2.90,2.90,2.90,2.90,2.90"
gemini,lenient,student_03,Mahasiswa 3,2,10,2.94,0.12649110640673514,0.01599999999999999,2.9,3.3,0.3999999999999999,4.3024185852631,Excellent,"2.90,2.90,2.90,2.90,2.90,3.30,2.90,2.90,2.90,2.90"
gemini,lenient,student_03,Mahasiswa 3,3,10,2.45,0.052704627669473036,0.0027777777777777827,2.4,2.5,0.10000000000000009,2.1512092926315525,Excellent,"2.40,2.50,2.50,2.50,2.40,2.40,2.40,2.50,2.50,2.40"
gemini,lenient,student_03,Mahasiswa 3,4,10,1.8,0.0,0.0,1.8,1.8,0.0,0.0,Excellent,"1.80,1.80,1.80,1.80,1.80,1.80,1.80,1.80,1.80,1.80"
gemini,lenient,student_03,Mahasiswa 3,5,10,2.8,0.17638342073763935,0.031111111111111103,2.7,3.2,0.5,6.299407883487119,Excellent,"2.70,2.70,2.70,2.90,2.70,2.70,2.70,3.20,3.00,2.70"
gemini,lenient,student_03,Mahasiswa 3,6,10,2.8999999999999995,4.681111291435602e-16,2.1912802922805884e-31,2.9,2.9,0.0,1.614176307391587e-14,Excellent,"2.90,2.90,2.90,2.90,2.90,2.90,2.90,2.90,2.90,2.90"
gemini,lenient,student_03,Mahasiswa 3,7,10,3.1900000000000004,0.03162277660168382,0.0010000000000000018,3.1,3.2,0.10000000000000009,0.9913096113380506,Excellent,"3.20,3.20,3.20,3.20,3.20,3.20,3.20,3.20,3.20,3.10"
gemini,lenient,student_05,Mahasiswa 5,1,10,2.9999999999999996,0.14142135623730964,0.020000000000000035,2.9,3.2,0.30000000000000027,4.714045207910322,Excellent,"2.90,3.00,2.90,3.20,2.90,2.90,3.20,2.90,3.20,2.90"
gemini,lenient,student_05,Mahasiswa 5,2,10,2.8999999999999995,4.681111291435602e-16,2.1912802922805884e-31,2.9,2.9,0.0,1.614176307391587e-14,Excellent,"2.90,2.90,2.90,2.90,2.90,2.90,2.90,2.90,2.90,2.90"
gemini,lenient,student_05,Mahasiswa 5,3,10,3.0699999999999994,0.1828782229912694,0.03344444444444446,2.9,3.3,0.3999999999999999,5.956945374308451,Excellent,"3.20,2.90,3.30,3.20,2.90,2.90,3.20,3.30,2.90,2.90"
gemini,lenient,student_05,Mahasiswa 5,4,10,1.8,0.0,0.0,1.8,1.8,0.0,0.0,Excellent,"1.80,1.80,1.80,1.80,1.80,1.80,1.80,1.80,1.80,1.80"
gemini,lenient,student_05,Mahasiswa 5,5,10,1.8,0.0,0.0,1.8,1.8,0.0,0.0,Excellent,"1.80,1.80,1.80,1.80,1.80,1.80,1.80,1.80,1.80,1.80"
gemini,lenient,student_05,Mahasiswa 5,6,10,2.29,0.03162277660168369,0.000999999999999993,2.2,2.3,0.09999999999999964,1.3809072751826938,Excellent,"2.30,2.30,2.30,2.30,2.30,2.30,2.30,2.30,2.30,2.20"
gemini,lenient,student_05,Mahasiswa 5,7,10,2.44,0.469515116310907,0.2204444444444445,1.8,3.2,1.4000000000000001,19.242422799627334,Fair,"2.40,2.40,1.80,2.40,2.40,3.20,2.40,1.80,2.40,3.20"
gemini,lenient,student_08,Mahasiswa 8,1,10,2.88,0.3521363372331803,0.12400000000000008,2.4,3.2,0.8000000000000003,12.226956153929871,Good,"2.40,3.20,3.20,3.20,2.40,2.40,2.90,3.20,3.00,2.90"
gemini,lenient,student_08,Mahasiswa 8,2,9,2.9,0.0,0.0,2.9,2.9,0.0,0.0,Excellent,"2.90,2.90,2.90,2.90,2.90,2.90,2.90,2.90,2.90"
gemini,lenient,student_08,Mahasiswa 8,3,10,3.1900000000000004,0.03162277660168382,0.0010000000000000018,3.1,3.2,0.10000000000000009,0.9913096113380506,Excellent,"3.20,3.20,3.20,3.20,3.20,3.20,3.20,3.20,3.20,3.10"
gemini,lenient,student_08,Mahasiswa 8,4,10,1.8,0.0,0.0,1.8,1.8,0.0,0.0,Excellent,"1.80,1.80,1.80,1.80,1.80,1.80,1.80,1.80,1.80,1.80"
gemini,lenient,student_08,Mahasiswa 8,5,10,2.06,0.3373096170846271,0.11377777777777776,1.8,2.5,0.7,16.374253256535294,Good,"1.80,1.80,2.40,2.50,1.80,1.80,1.80,2.40,2.50,1.80"
gemini,lenient,student_08,Mahasiswa 8,6,10,2.8999999999999995,4.681111291435602e-16,2.1912802922805884e-31,2.9,2.9,0.0,1.614176307391587e-14,Excellent,"2.90,2.90,2.90,2.90,2.90,2.90,2.90,2.90,2.90,2.90"
gemini,lenient,student_08,Mahasiswa 8,7,10,1.86,0.18973665961010272,0.03599999999999998,1.8,2.4,0.5999999999999999,10.200895677962512,Excellent,"1.80,1.80,1.80,1.80,1.80,1.80,1.80,2.40,1.80,1.80"
gemini,lenient,student_12,Mahasiswa 12,1,10,2.9199999999999995,0.06324555320336765,0.004000000000000008,2.9,3.1,0.20000000000000018,2.165943602855057,Excellent,"2.90,2.90,2.90,2.90,2.90,2.90,2.90,3.10,2.90,2.90"
gemini,lenient,student_12,Mahasiswa 12,2,10,2.9499999999999997,0.12692955176439846,0.016111111111111107,2.9,3.3,0.3999999999999999,4.30269666997961,Excellent,"2.90,3.30,2.90,2.90,2.90,2.90,3.00,2.90,2.90,2.90"
gemini,lenient,student_12,Mahasiswa 12,3,10,3.2,0.0,0.0,3.2,3.2,0.0,0.0,Excellent,"3.20,3.20,3.20,3.20,3.20,3.20,3.20,3.20,3.20,3.20"
gemini,lenient,student_12,Mahasiswa 12,4,10,1.8900000000000001,0.28460498941515416,0.08100000000000002,1.8,2.7,0.9000000000000001,15.058465048420855,Good,"1.80,1.80,1.80,2.70,1.80,1.80,1.80,1.80,1.80,1.80"
gemini,lenient,student_12,Mahasiswa 12,5,10,2.88,0.1751190071541826,0.030666666666666658,2.7,3.2,0.5,6.080521081742452,Excellent,"2.70,3.00,2.90,3.20,2.70,3.00,3.00,2.90,2.70,2.70"
gemini,lenient,student_12,Mahasiswa 12,6,10,2.8999999999999995,4.681111291435602e-16,2.1912802922805884e-31,2.9,2.9,0.0,1.614176307391587e-14,Excellent,"2.90,2.90,2.90,2.90,2.90,2.90,2.90,2.90,2.90,2.90"
gemini,lenient,student_12,Mahasiswa 12,7,10,3.2,0.0,0.0,3.2,3.2,0.0,0.0,Excellent,"3.20,3.20,3.20,3.20,3.20,3.20,3.20,3.20,3.20,3.20"
gemini,lenient,student_13,Mahasiswa 13,1,10,2.9199999999999995,0.04216370213557843,0.001777777777777781,2.9,3.0,0.10000000000000009,1.443962401903371,Excellent,"3.00,2.90,2.90,2.90,2.90,2.90,3.00,2.90,2.90,2.90"
gemini,lenient,student_13,Mahasiswa 13,2,10,3.28,0.0632455532033675,0.00399999999999999,3.1,3.3,0.19999999999999973,1.9282180854685214,Excellent,"3.30,3.30,3.30,3.30,3.30,3.30,3.30,3.30,3.10,3.30"
gemini,lenient,student_13,Mahasiswa 13,3,10,3.21,0.03162277660168369,0.000999999999999993,3.2,3.3,0.09999999999999964,0.9851332274667816,Excellent,"3.20,3.20,3.20,3.20,3.30,3.20,3.20,3.20,3.20,3.20"
gemini,lenient,student_13,Mahasiswa 13,4,10,2.1700000000000004,0.14181364924121756,0.020111111111111083,2.0,2.3,0.2999999999999998,6.535191209272698,Excellent,"2.30,2.30,2.30,2.10,2.00,2.00,2.00,2.30,2.30,2.10"
gemini,lenient,student_13,Mahasiswa 13,5,10,1.86,0.18973665961010272,0.03599999999999998,1.8,2.4,0.5999999999999999,10.200895677962512,Excellent,"2.40,1.80,1.80,1.80,1.80,1.80,1.80,1.80,1.80,1.80"
gemini,lenient,student_13,Mahasiswa 13,6,10,2.8999999999999995,4.681111291435602e-16,2.1912802922805884e-31,2.9,2.9,0.0,1.614176307391587e-14,Excellent,"2.90,2.90,2.90,2.90,2.90,2.90,2.90,2.90,2.90,2.90"
gemini,lenient,student_13,Mahasiswa 13,7,10,2.32,0.06324555320336764,0.004000000000000007,2.3,2.5,0.20000000000000018,2.72610143117964,Excellent,"2.30,2.30,2.30,2.30,2.30,2.30,2.30,2.30,2.30,2.50"
gemini,lenient,student_14,Mahasiswa 14,1,10,3.03,0.14181364924121778,0.020111111111111146,2.9,3.2,0.30000000000000027,4.6803184568058676,Excellent,"3.20,2.90,3.10,3.20,3.10,2.90,2.90,3.20,2.90,2.90"
gemini,lenient,student_14,Mahasiswa 14,2,10,3.1100000000000003,0.0875595035770914,0.007666666666666681,2.9,3.2,0.30000000000000027,2.815418121449884,Excellent,"3.20,3.10,3.20,3.20,3.10,3.10,3.10,3.10,3.10,2.90"
gemini,lenient,student_14,Mahasiswa 14,3,10,3.2300000000000004,0.04830458915396462,0.0023333333333333166,3.2,3.3,0.09999999999999964,1.4954981162218146,Excellent,"3.20,3.20,3.20,3.30,3.20,3.20,3.20,3.20,3.30,3.30"
gemini,lenient,student_14,Mahasiswa 14,4,10,1.8,0.0,0.0,1.8,1.8,0.0,0.0,Excellent,"1.80,1.80,1.80,1.80,1.80,1.80,1.80,1.80,1.80,1.80"
gemini,lenient,student_14,Mahasiswa 14,5,10,1.8,0.0,0.0,1.8,1.8,0.0,0.0,Excellent,"1.80,1.80,1.80,1.80,1.80,1.80,1.80,1.80,1.80,1.80"
gemini,lenient,student_14,Mahasiswa 14,6,10,2.8999999999999995,4.681111291435602e-16,2.1912802922805884e-31,2.9,2.9,0.0,1.614176307391587e-14,Excellent,"2.90,2.90,2.90,2.90,2.90,2.90,2.90,2.90,2.90,2.90"
gemini,lenient,student_14,Mahasiswa 14,7,10,2.9999999999999996,0.13333333333333344,0.01777777777777781,2.9,3.2,0.30000000000000027,4.444444444444449,Excellent,"2.90,2.90,3.20,2.90,3.10,2.90,3.10,2.90,2.90,3.20"
gemini,lenient,student_15,Mahasiswa 15,1,10,2.9699999999999998,0.11595018087284067,0.013444444444444469,2.9,3.2,0.30000000000000027,3.9040464940350397,Excellent,"2.90,2.90,2.90,2.90,2.90,3.10,3.20,2.90,2.90,3.10"
gemini,lenient,student_15,Mahasiswa 15,2,10,2.8999999999999995,4.681111291435602e-16,2.1912802922805884e-31,2.9,2.9,0.0,1.614176307391587e-14,Excellent,"2.90,2.90,2.90,2.90,2.90,2.90,2.90,2.90,2.90,2.90"
gemini,lenient,student_15,Mahasiswa 15,3,10,3.2,0.0,0.0,3.2,3.2,0.0,0.0,Excellent,"3.20,3.20,3.20,3.20,3.20,3.20,3.20,3.20,3.20,3.20"
gemini,lenient,student_15,Mahasiswa 15,4,10,1.8,0.0,0.0,1.8,1.8,0.0,0.0,Excellent,"1.80,1.80,1.80,1.80,1.80,1.80,1.80,1.80,1.80,1.80"
gemini,lenient,student_15,Mahasiswa 15,5,10,1.9200000000000004,0.2529822128134703,0.06399999999999997,1.8,2.4,0.5999999999999999,13.176156917368239,Good,"1.80,1.80,2.40,1.80,1.80,1.80,1.80,2.40,1.80,1.80"
gemini,lenient,student_15,Mahasiswa 15,6,10,2.8999999999999995,4.681111291435602e-16,2.1912802922805884e-31,2.9,2.9,0.0,1.614176307391587e-14,Excellent,"2.90,2.90,2.90,2.90,2.90,2.90,2.90,2.90,2.90,2.90"
gemini,lenient,student_15,Mahasiswa 15,7,10,3.18,0.04216370213557843,0.001777777777777781,3.1,3.2,0.10000000000000009,1.3259025828798248,Excellent,"3.20,3.10,3.20,3.20,3.20,3.20,3.20,3.10,3.20,3.20"
gemini,lenient,student_16,Mahasiswa 16,1,9,2.9999999999999996,0.15000000000000002,0.022500000000000006,2.9,3.3,0.3999999999999999,5.000000000000002,Excellent,"2.90,2.90,3.00,2.90,3.30,3.00,3.20,2.90,2.90"
gemini,lenient,student_16,Mahasiswa 16,2,10,3.25,0.10801234497346426,0.01166666666666665,3.0,3.3,0.2999999999999998,3.3234567684142853,Excellent,"3.30,3.30,3.00,3.30,3.30,3.10,3.30,3.30,3.30,3.30"
gemini,lenient,student_16,Mahasiswa 16,3,10,3.2600000000000002,0.05163977794943204,0.0026666666666666475,3.2,3.3,0.09999999999999964,1.5840422683874855,Excellent,"3.30,3.30,3.20,3.30,3.20,3.30,3.20,3.30,3.20,3.30"
gemini,lenient,student_16,Mahasiswa 16,4,10,2.8999999999999995,4.681111291435602e-16,2.1912802922805884e-31,2.9,2.9,0.0,1.614176307391587e-14,Excellent,"2.90,2.90,2.90,2.90,2.90,2.90,2.90,2.90,2.90,2.90"
gemini,lenient,student_16,Mahasiswa 16,5,10,3.0700000000000003,0.17669811040931424,0.031222222222222207,2.9,3.3,0.3999999999999999,5.755638775547695,Excellent,"2.90,3.10,3.00,2.90,2.90,2.90,3.30,3.10,3.30,3.30"
gemini,lenient,student_16,Mahasiswa 16,6,10,2.8999999999999995,4.681111291435602e-16,2.1912802922805884e-31,2.9,2.9,0.0,1.614176307391587e-14,Excellent,"2.90,2.90,2.90,2.90,2.90,2.90,2.90,2.90,2.90,2.90"
gemini,lenient,student_16,Mahasiswa 16,7,10,3.1,0.13333333333333336,0.017777777777777788,2.9,3.3,0.3999999999999999,4.301075268817205,Excellent,"3.20,2.90,3.20,3.20,3.00,3.00,3.00,3.20,3.30,3.00"
gemini,zero,student_01,Mahasiswa 1,1,10,3.21,0.2726414006223804,0.07433333333333332,2.9,3.9,1.0,8.493501577021197,Good,"3.20,2.90,3.20,3.20,3.20,3.20,2.90,3.20,3.20,3.90"
gemini,zero,student_01,Mahasiswa 1,2,10,2.27,0.06749485577105514,0.004555555555555535,2.2,2.4,0.19999999999999973,2.973341663923134,Excellent,"2.20,2.30,2.20,2.20,2.30,2.30,2.20,2.30,2.30,2.40"
gemini,zero,student_01,Mahasiswa 1,3,10,1.8800000000000001,0.376533899905145,0.14177777777777778,1.2,2.5,1.3,20.028398931124734,Good,"1.80,1.80,1.80,1.80,2.50,2.50,1.80,1.80,1.80,1.20"
gemini,zero,student_01,Mahasiswa 1,4,10,1.1999999999999997,2.340555645717801e-16,5.478200730701471e-32,1.2,1.2,0.0,1.9504630380981676e-14,Excellent,"1.20,1.20,1.20,1.20,1.20,1.20,1.20,1.20,1.20,1.20"
gemini,zero,student_01,Mahasiswa 1,5,10,1.7899999999999998,0.03162277660168382,0.0010000000000000018,1.7,1.8,0.10000000000000009,1.7666355643398783,Excellent,"1.80,1.80,1.80,1.80,1.80,1.80,1.80,1.80,1.80,1.70"
gemini,zero,student_01,Mahasiswa 1,6,10,2.3,0.31622776601683794,0.09999999999999999,2.2,3.2,1.0,13.74903330507991,Good,"2.20,2.20,2.20,2.20,2.20,2.20,2.20,2.20,2.20,3.20"
gemini,zero,student_01,Mahasiswa 1,7,10,1.7399999999999998,0.18973665961010278,0.03600000000000001,1.2,1.8,0.6000000000000001,10.904405724718552,Excellent,"1.80,1.80,1.80,1.80,1.80,1.80,1.80,1.80,1.80,1.20"
gemini,zero,student_02,Mahasiswa 2,1,10,3.1800000000000006,0.06324555320336755,0.003999999999999996,3.1,3.3,0.19999999999999973,1.9888538743197341,Excellent,"3.20,3.10,3.20,3.20,3.10,3.20,3.20,3.10,3.20,3.30"
gemini,zero,student_02,Mahasiswa 2,2,10,2.36,0.18973665961010278,0.036000000000000004,2.3,2.9,0.6000000000000001,8.039688966529779,Excellent,"2.30,2.30,2.30,2.30,2.30,2.30,2.30,2.30,2.90,2.30"
gemini,zero,student_02,Mahasiswa 2,3,10,1.7399999999999998,0.18973665961010278,0.03600000000000001,1.2,1.8,0.6000000000000001,10.904405724718552,Excellent,"1.80,1.80,1.80,1.80,1.80,1.80,1.80,1.80,1.80,1.20"
gemini,zero,student_02,Mahasiswa 2,4,10,1.18,0.06324555320336757,0.003999999999999998,1.0,1.2,0.19999999999999996,5.359792644353184,Excellent,"1.20,1.20,1.20,1.20,1.20,1.20,1.20,1.20,1.20,1.00"
gemini,zero,student_02,Mahasiswa 2,5,10,1.7399999999999998,0.18973665961010278,0.03600000000000001,1.2,1.8,0.6000000000000001,10.904405724718552,Excellent,"1.80,1.80,1.80,1.80,1.80,1.80,1.80,1.80,1.80,1.20"
gemini,zero,student_02,Mahasiswa 2,6,10,2.85,0.22730302828309762,0.05166666666666667,2.4,3.1,0.7000000000000002,7.975544852038513,Good,"3.10,2.90,2.90,2.90,2.90,3.10,2.90,2.90,2.50,2.40"
gemini,zero,student_02,Mahasiswa 2,7,10,3.03,0.33349995835415375,0.11122222222222228,2.4,3.2,0.8000000000000003,11.006599285615636,Good,"3.10,3.20,3.20,3.20,3.20,3.20,3.20,3.20,2.40,2.40"
gemini,zero,student_03,Mahasiswa 3,1,10,3.0599999999999996,0.10749676997731408,0.011555555555555576,2.9,3.2,0.30000000000000027,3.512966339127912,Excellent,"3.10,3.10,3.10,2.90,3.00,2.90,3.10,3.20,3.20,3.00"
gemini,zero,student_03,Mahasiswa 3,2,10,2.9699999999999998,0.3020301677353146,0.09122222222222226,2.4,3.2,0.8000000000000003,10.16936591701396,Good,"3.10,3.10,3.10,3.20,3.10,3.10,3.10,3.10,2.40,2.40"
gemini,zero,student_03,Mahasiswa 3,3,10,1.32,0.2529822128134704,0.06400000000000002,1.2,1.8,0.6000000000000001,19.165319152535634,Good,"1.20,1.20,1.20,1.20,1.20,1.20,1.20,1.20,1.80,1.80"
gemini,zero,student_03,Mahasiswa 3,4,10,1.16,0.08432740427115676,0.007111111111111108,1.0,1.2,0.19999999999999996,7.269603816479031,Excellent,"1.20,1.20,1.20,1.20,1.20,1.20,1.20,1.20,1.00,1.00"
gemini,zero,student_03,Mahasiswa 3,5,10,2.4,0.32998316455372223,0.10888888888888892,1.9,3.2,1.3000000000000003,13.74929852307176,Good,"2.40,2.40,2.40,2.40,2.40,2.40,2.40,3.20,1.90,2.10"
gemini,zero,student_03,Mahasiswa 3,6,10,2.08,0.3119829055146024,0.09733333333333334,1.4,2.3,0.8999999999999999,14.9991781497405,Good,"2.20,2.30,2.20,2.20,2.30,2.20,2.20,2.20,1.40,1.60"
gemini,zero,student_03,Mahasiswa 3,7,10,2.32,0.1751190071541826,0.030666666666666658,1.9,2.4,0.5,7.54823306699063,Excellent,"2.40,2.40,2.40,2.40,2.40,2.40,2.40,2.40,2.10,1.90"
gemini,zero,student_05,Mahasiswa 5,1,10,2.26,0.09660917830792946,0.009333333333333308,2.2,2.4,0.19999999999999973,4.274742403005729,Excellent,"2.20,2.20,2.20,2.20,2.20,2.20,2.40,2.20,2.40,2.40"
gemini,zero,student_05,Mahasiswa 5,2,10,2.13,0.18287822299126943,0.03344444444444447,1.7,2.3,0.5999999999999999,8.585832065317813,Excellent,"2.20,2.20,2.20,2.20,1.70,2.20,2.20,2.20,1.90,2.30"
gemini,zero,student_05,Mahasiswa 5,3,10,1.69,0.2330951164939612,0.054333333333333345,1.2,1.8,0.6000000000000001,13.792610443429657,Good,"1.80,1.80,1.80,1.80,1.80,1.80,1.80,1.80,1.20,1.30"
gemini,zero,student_05,Mahasiswa 5,4,10,1.1999999999999997,2.340555645717801e-16,5.478200730701471e-32,1.2,1.2,0.0,1.9504630380981676e-14,Excellent,"1.20,1.20,1.20,1.20,1.20,1.20,1.20,1.20,1.20,1.20"
gemini,zero,student_05,Mahasiswa 5,5,10,1.6900000000000002,0.2330951164939612,0.054333333333333345,1.2,1.8,0.6000000000000001,13.792610443429657,Good,"1.80,1.80,1.80,1.80,1.80,1.80,1.80,1.80,1.30,1.20"
gemini,zero,student_05,Mahasiswa 5,6,10,2.09,0.2601281735350224,0.06766666666666671,1.4,2.2,0.8000000000000003,12.446324092584804,Good,"2.20,2.20,2.20,2.20,2.20,2.20,2.20,2.20,1.90,1.40"
gemini,zero,student_05,Mahasiswa 5,7,10,1.8700000000000003,0.42700507413066335,0.1823333333333333,1.2,2.4,1.2,22.83449594281622,Fair,"2.40,1.80,2.40,1.80,2.40,1.80,1.80,1.80,1.20,1.30"
gemini,zero,student_08,Mahasiswa 8,1,10,2.09,0.29981475762358484,0.08988888888888893,1.4,2.4,1.0,14.345203714047122,Good,"2.40,2.20,2.20,2.20,2.20,2.20,2.20,2.20,1.40,1.70"
gemini,zero,student_08,Mahasiswa 8,2,10,2.25,0.09718253158075492,0.009444444444444427,2.0,2.3,0.2999999999999998,4.31922362581133,Excellent,"2.30,2.30,2.30,2.30,2.30,2.20,2.20,2.30,2.00,2.30"
gemini,zero,student_08,Mahasiswa 8,3,10,2.1700000000000004,0.319895816373602,0.10233333333333329,1.8,2.5,0.7,14.74174269002774,Good,"2.40,2.40,2.40,2.50,1.80,2.40,2.40,1.80,1.80,1.80"
gemini,zero,student_08,Mahasiswa 8,4,10,1.1999999999999997,2.340555645717801e-16,5.478200730701471e-32,1.2,1.2,0.0,1.9504630380981676e-14,Excellent,"1.20,1.20,1.20,1.20,1.20,1.20,1.20,1.20,1.20,1.20"
gemini,zero,student_08,Mahasiswa 8,5,10,1.78,0.1475729574745244,0.021777777777777788,1.4,2.0,0.6000000000000001,8.290615588456426,Excellent,"1.80,1.80,1.80,1.80,1.80,1.80,1.80,1.80,1.40,2.00"
gemini,zero,student_08,Mahasiswa 8,6,10,2.2700000000000005,0.1251665557034572,0.01566666666666665,2.2,2.6,0.3999999999999999,5.513945185174324,Excellent,"2.20,2.20,2.30,2.20,2.20,2.20,2.20,2.30,2.60,2.30"
gemini,zero,student_08,Mahasiswa 8,7,10,2.1799999999999997,0.4917090377222873,0.24177777777777776,1.2,2.5,1.3,22.555460445976486,Fair,"2.40,2.40,2.40,2.50,2.40,2.40,2.40,2.40,1.20,1.30"
gemini,zero,student_12,Mahasiswa 12,1,10,2.92,0.32591750830880856,0.10622222222222229,2.3,3.2,0.9000000000000004,11.16155850372632,Good,"2.90,2.90,3.10,3.20,2.90,3.10,3.20,3.20,2.30,2.40"
gemini,zero,student_12,Mahasiswa 12,2,10,2.94,0.25033311140691455,0.06266666666666669,2.4,3.1,0.7000000000000002,8.514731680507298,Good,"3.10,3.10,3.10,2.90,3.10,2.90,3.10,3.10,2.40,2.60"
gemini,zero,student_12,Mahasiswa 12,3,10,1.9,0.19999999999999998,0.039999999999999994,1.8,2.4,0.5999999999999999,10.526315789473683,Excellent,"2.40,1.80,1.80,1.80,1.80,1.80,1.80,1.80,2.10,1.90"
gemini,zero,student_12,Mahasiswa 12,4,10,1.67,0.2750757471437034,0.07566666666666667,1.1,1.8,0.7,16.471601625371463,Good,"1.80,1.80,1.80,1.80,1.80,1.80,1.80,1.80,1.10,1.20"
gemini,zero,student_12,Mahasiswa 12,5,10,1.8099999999999998,0.03162277660168375,0.0009999999999999974,1.8,1.9,0.09999999999999987,1.7471147293747928,Excellent,"1.80,1.80,1.80,1.80,1.80,1.80,1.80,1.80,1.80,1.90"
gemini,zero,student_12,Mahasiswa 12,6,10,2.24,0.12649110640673514,0.015999999999999993,2.2,2.6,0.3999999999999999,5.646924393157818,Excellent,"2.20,2.20,2.20,2.20,2.20,2.20,2.20,2.20,2.60,2.20"
gemini,zero,student_12,Mahasiswa 12,7,10,1.86,0.4427188724235731,0.19599999999999998,1.2,2.4,1.2,23.802089915245865,Fair,"2.40,2.40,1.80,1.80,1.80,2.40,1.80,1.80,1.20,1.20"
gemini,zero,student_13,Mahasiswa 13,1,10,3.1700000000000004,0.06749485577105525,0.0045555555555555505,3.1,3.3,0.19999999999999973,2.1291752609165693,Excellent,"3.20,3.10,3.10,3.20,3.10,3.20,3.10,3.20,3.20,3.30"
gemini,zero,student_13,Mahasiswa 13,2,10,3.1500000000000004,0.07071067811865471,0.004999999999999994,3.1,3.3,0.19999999999999973,2.2447834323382447,Excellent,"3.20,3.10,3.20,3.30,3.10,3.10,3.10,3.10,3.20,3.10"
gemini,zero,student_13,Mahasiswa 13,3,10,2.3,0.35590260840104365,0.12666666666666662,1.3,2.5,1.2,15.474026452219292,Good,"2.50,2.40,2.40,2.50,2.40,2.40,2.40,2.40,2.30,1.30"
gemini,zero,student_13,Mahasiswa 13,4,10,1.8399999999999999,0.29514591494904874,0.08711111111111113,1.2,2.0,0.8,16.040538855926563,Good,"2.00,2.00,2.00,1.80,2.00,2.00,2.00,2.00,1.20,1.40"
gemini,zero,student_13,Mahasiswa 13,5,10,2.0000000000000004,0.28284271247461895,0.07999999999999996,1.8,2.4,0.5999999999999999,14.142135623730944,Good,"1.80,2.40,1.80,2.40,2.40,1.80,1.80,1.80,2.00,1.80"
gemini,zero,student_13,Mahasiswa 13,6,10,2.18,0.1932183566158592,0.03733333333333334,1.7,2.5,0.8,8.863227367699963,Excellent,"2.20,2.20,2.20,2.20,2.20,2.20,2.20,2.20,2.50,1.70"
gemini,zero,student_13,Mahasiswa 13,7,10,1.94,0.43256341860022235,0.18711111111111117,1.2,2.4,1.2,22.297083433001152,Fair,"2.20,2.20,2.20,2.20,1.80,2.40,2.20,1.80,1.20,1.20"
gemini,zero,student_14,Mahasiswa 14,1,10,3.1399999999999997,0.29514591494904874,0.0871111111111111,2.9,3.9,1.0,9.399551431498368,Good,"3.10,2.90,3.10,3.10,3.10,3.10,2.90,2.90,3.90,3.30"
gemini,zero,student_14,Mahasiswa 14,2,10,2.56,0.4033195589934447,0.1626666666666667,2.2,3.2,1.0,15.754670273181432,Fair,"3.10,3.20,2.40,3.10,2.20,2.40,2.20,2.40,2.30,2.30"
gemini,zero,student_14,Mahasiswa 14,3,10,2.13,0.5696977756280567,0.32455555555555565,1.8,3.2,1.4000000000000001,26.74637444263177,Fair,"1.80,1.80,3.20,1.80,1.80,1.80,1.80,1.80,3.10,2.40"
gemini,zero,student_14,Mahasiswa 14,4,10,1.6800000000000002,0.2529822128134704,0.06400000000000002,1.2,1.8,0.6000000000000001,15.058465048420855,Good,"1.80,1.80,1.80,1.80,1.80,1.80,1.80,1.80,1.20,1.20"
gemini,zero,student_14,Mahasiswa 14,5,10,1.77,0.22135943621178658,0.049000000000000016,1.2,2.1,0.9000000000000001,12.5061828368241,Good,"1.80,1.80,1.80,1.80,1.80,1.80,1.80,1.80,2.10,1.20"
gemini,zero,student_14,Mahasiswa 14,6,10,2.31,0.3142893217686178,0.09877777777777778,2.2,3.2,1.0,13.605598344961809,Good,"2.20,2.20,2.20,2.20,2.20,2.20,2.20,2.20,2.30,3.20"
gemini,zero,student_14,Mahasiswa 14,7,10,1.8800000000000001,0.4417138339593985,0.1951111111111111,1.2,2.5,1.3,23.495416699968004,Fair,"1.80,1.80,2.40,2.40,1.80,2.50,1.80,1.80,1.20,1.30"
gemini,zero,student_15,Mahasiswa 15,1,10,3.1700000000000004,0.08232726023485645,0.006777777777777776,3.0,3.3,0.2999999999999998,2.5970744553582477,Excellent,"3.20,3.20,3.10,3.00,3.20,3.20,3.10,3.20,3.20,3.30"
gemini,zero,student_15,Mahasiswa 15,2,10,2.87,0.29832867780352595,0.089,2.2,3.1,0.8999999999999999,10.394727449600207,Good,"3.10,2.90,3.10,2.90,2.90,3.10,2.90,3.10,2.20,2.50"
gemini,zero,student_15,Mahasiswa 15,3,10,2.0100000000000002,0.27668674625929507,0.07655555555555553,1.8,2.4,0.5999999999999999,13.765509764144031,Good,"2.40,1.80,1.80,2.40,1.80,1.80,1.80,2.40,1.90,2.00"
gemini,zero,student_15,Mahasiswa 15,4,10,1.69,0.2330951164939612,0.054333333333333345,1.2,1.8,0.6000000000000001,13.792610443429657,Good,"1.80,1.80,1.80,1.80,1.80,1.80,1.80,1.80,1.20,1.30"
gemini,zero,student_15,Mahasiswa 15,5,10,1.6800000000000002,0.2529822128134704,0.06400000000000002,1.2,1.8,0.6000000000000001,15.058465048420855,Good,"1.80,1.80,1.80,1.80,1.80,1.80,1.80,1.80,1.20,1.20"
gemini,zero,student_15,Mahasiswa 15,6,10,2.49,0.3247221034122013,0.10544444444444437,2.2,2.9,0.6999999999999997,13.041048329807282,Good,"2.90,2.20,2.20,2.90,2.20,2.90,2.20,2.20,2.60,2.60"
gemini,zero,student_15,Mahasiswa 15,7,10,1.8900000000000001,0.4254409477236529,0.18099999999999994,1.3,2.5,1.2,22.510103054161526,Fair,"2.50,1.80,2.40,1.80,2.40,1.80,1.80,1.80,1.30,1.30"
gemini,zero,student_16,Mahasiswa 16,1,10,3.3299999999999996,0.3020301677353144,0.09122222222222215,3.1,3.9,0.7999999999999998,9.069975007066498,Good,"3.20,3.20,3.20,3.20,3.20,3.10,3.20,3.20,3.90,3.90"
gemini,zero,student_16,Mahasiswa 16,2,10,3.4200000000000004,0.31198290551460245,0.09733333333333337,3.1,4.0,0.8999999999999999,9.122307178789544,Good,"3.10,3.30,3.30,3.30,3.30,3.30,3.30,3.30,4.00,4.00"
gemini,zero,student_16,Mahasiswa 16,3,10,3.1600000000000006,0.05163977794943228,0.002666666666666672,3.1,3.2,0.10000000000000009,1.6341701882731732,Excellent,"3.20,3.20,3.20,3.10,3.20,3.10,3.20,3.20,3.10,3.10"
gemini,zero,student_16,Mahasiswa 16,4,10,2.04,0.18973665961010272,0.03599999999999998,1.7,2.4,0.7,9.300816647554054,Excellent,"2.00,2.00,2.00,2.30,2.00,2.00,2.00,2.00,1.70,2.40"
gemini,zero,student_16,Mahasiswa 16,5,10,2.98,0.16865480854231352,0.028444444444444432,2.9,3.3,0.3999999999999999,5.659557333634681,Excellent,"2.90,2.90,2.90,2.90,2.90,2.90,2.90,2.90,3.30,3.30"
gemini,zero,student_16,Mahasiswa 16,6,10,3.1399999999999997,0.4575295983139598,0.20933333333333337,2.9,4.0,1.1,14.571006315731205,Fair,"2.90,3.10,2.90,2.90,2.90,2.90,2.90,2.90,4.00,4.00"
gemini,zero,student_16,Mahasiswa 16,7,10,3.0700000000000003,0.3772709017845577,0.14233333333333337,2.0,3.2,1.2000000000000002,12.28895445552305,Good,"3.20,3.20,3.20,3.20,3.20,3.20,3.20,3.20,2.00,3.10"
